Workbook
Name ZOTERO_BREF_Vhn5ZmXUdLgL: HP!$CR$4

Sheet Beams
A1: Beam Calculator
K2: Results | N2: Axial | O2: Bending Stress | Q2: Shear Stress | S2: Torsional Stress | U2: Combined Stress | X2: MS
N3: {=IF(B24="W",(W!CG1:CQ530),IF(B24="M",(M!CG1:CQ19),IF(B24="S",(S!CG1:CQ530),IF(B24="HP",(HP!CG1:CQ530),IF(B24="C",('C'!CG1:CQ530),IF(B24="MC",(MC!CG1:CQ530),IF(B24="L",(L!CG1:CQ530),IF(B24="WT",(WT!CG1:CQ530),IF(B24="MT",(MT!CG1:CQ530),IF(B24="HSS",(HSS!CG1:CQ530),IF(B24="CHS",(CHS!CG1:CQ530),IF(B24="PIPE",(PIPE!CG1:CQ530)))))))))))))} -> Axial | O3: Bending Stress | P3: 0 | Q3: Shear Stress | R3: 0 | S3: Torsional Stress | T3: 0 | U3: Combined Stress | V3: 0 | W3: 0 | X3: Min MS
A4: Last Update: | B4: 45966 | N4: Stress | O4: X-axis | P4: Y-axis | Q4: X-axis | R4: Y-axis | S4: Flange | T4: Web | U4: Flange | V4: Web | W4: 0 | X4: 0
K5: {=IF(B24="W",(W!A3:C530),IF(B24="M",M!A3:C530,IF(B24="S",S!A3:C530,IF(B24="HP",HP!A3:C530,IF(B24="C",'C'!A3:C530,IF(B24="MC",MC!A3:C530,IF(B24="L",L!A3:C530,IF(B24="WT",WT!A3:C530,IF(B24="MT",MT!A3:C530,IF(B24="HSS",HSS!A3:C530,IF(B24="CHS",CHS!A3:C530,IF(B24="PIPE",PIPE!A3:C530))))))))))))} -> Type | L5: EDI_Std_Nomenclature | M5: AISC_Manual_Label | N5: 0 | O5: 0 | P5: 0 | Q5: 0 | R5: 0 | S5: 0 | T5: 0 | U5: 0 | V5: 0 | W5: 0 | X5: 0
A6: Inputs | K6: W | L6: W44X408 | M6: W44X408 | N6: 93.666667 | O6: 6.4971098 | P6: 59.470899 | Q6: 586.12661 | R6: 236.63659 | S6: 182.0209 | T6: 102.33433 | U6: 1074.9471 | V6: 474.22653 | W6: 0 | X6: 17.605567
B7: X | C7: Y | F7: Beam Options: | K7: W | L7: W44X368 | M7: W44X368 | N7: 104.07407 | O7: 7.2051282 | P7: 66.508876 | Q7: 657.19872 | R7: 263.25806 | S7: 221.428 | T7: 123.64 | U7: 1214.2612 | V7: 534.21303 | W7: 0 | X7: 15.470921
A8: Applied Shear | B8: 11240 | C8: 11240 | D8: lbs | F8: W | K8: W | L8: W44X335 | M8: W44X335 | N8: 114.11168 | O8: 7.9716312 | P8: 74.933333 | Q8: 735.57439 | R8: 282.46496 | S8: 266.32932 | T8: 154.9826 | U8: 1369.2401 | V8: 591.80548 | W8: 0 | X8: 13.606642
A9: Applied Moment | B9: 11240 | C9: 11240 | D9: in-lbs | F9: M | K9: W | L9: W44X290 | M9: W44X290 | N9: 131.61593 | O9: 9.0645161 | P9: 85.151515 | Q9: 848.19864 | R9: 337.36844 | S9: 348.90373 | T9: 191.01375 | U9: 1604.5324 | V9: 708.45694 | W9: 0 | X9: 11.46469
F10: S | K10: W | L10: W44X262 | M10: W44X262 | N10: 145.59585 | O10: 10.126126 | P10: 96.068376 | Q10: 956.20527 | R10: 374.30029 | S10: 427.90349 | T10: 236.55228 | U10: 1831.8537 | V10: 807.19975 | W10: 0 | X10: 9.9179022
A11: Applied Axial | B11: 11240 | C11: lbs | F11: HP | K11: W | L11: W44X230 | M11: W44X230 | N11: 165.78171 | O11: 11.575695 | P11: 111.28713 | Q11: 1111.1294 | R11: 416.32449 | S11: 550.71486 | T11: 320.49799 | U11: 2167.2568 | V11: 954.69932 | W11: 0 | X11: 8.2282558
A12: Applied Torsion | B12: 11240 | C12: in-lbs | F12: C | K12: W | L12: W40X655 | M12: W40X655 | N12: 58.238342 | O12: 4.3397683 | P12: 33.058824 | Q12: 292.6219 | R12: 154.50519 | S12: 67.554499 | T12: 37.593888 | U12: 528.88561 | V12: 291.55083 | W12: 0 | X12: 36.815361
F13: MC | K13: W | L13: W40X593 | M13: W40X593 | N13: 64.597701 | O13: 4.8034188 | P13: 37.218543 | Q13: 330.72633 | R13: 170.68813 | S13: 81.584719 | T13: 45.212584 | U13: 599.56289 | V13: 323.88824 | W13: 0 | X13: 32.357635
F14: L | K14: W | L14: W40X503 | M14: W40X503 | N14: 75.945946 | O14: 5.6767677 | P14: 45.140562 | Q14: 402.25561 | R14: 201.76698 | S14: 111.99422 | T14: 62.489531 | U14: 734.25185 | V14: 387.18665 | W14: 0 | X14: 26.23861
A15: Ultimate Stress | B15: 60000 | C15: psi | F15: WT | K15: W | L15: W40X431 | M15: W40X431 | N15: 88.503937 | O15: 6.6508876 | P15: 54.038462 | Q15: 480.49845 | R15: 233.56408 | S15: 149.86667 | T15: 85.093785 | U15: 884.46309 | V15: 455.67316 | W15: 0 | X15: 21.612589
A16: Yield Stress | B16: 46000 | C16: psi | F16: MT | K16: W | L16: W40X397 | M16: W40X397 | N16: 96.068376 | O16: 7.2051282 | P16: 58.848168 | Q16: 527.49705 | R16: 256.52766 | S16: 174.14085 | T16: 96.569014 | U16: 975.71407 | V16: 501.67668 | W16: 0 | X16: 19.497808
F17: HSS | K17: W | L17: W40X372 | M17: W40X372 | N17: 102.18182 | O17: 7.6986301 | P17: 63.502825 | Q17: 569.52937 | R17: 271.37582 | S17: 198.63793 | T17: 112.4 | U17: 1059.0203 | V17: 537.4919 | W17: 0 | X17: 17.88538
A18: FSU | B18: 3 | F18: CHS | K18: W | L18: W40X362 | M18: W40X362 | N18: 106.03774 | O18: 7.915493 | P18: 64.971098 | Q18: 585.5433 | R18: 280.58329 | S18: 207.26972 | T18: 115.49358 | U18: 1090.6324 | V18: 555.16769 | W18: 0 | X18: 17.337985
A19: FSY | B19: 2 | F19: PIPE | K19: W | L19: W40X324 | M19: W40X324 | N19: 117.94334 | O19: 8.78125 | P19: 73.464052 | Q19: 659.17037 | R19: 316.125 | S19: 256.2267 | T19: 141.56171 | U19: 1241.1884 | V19: 632.45529 | W19: 0 | X19: 15.11359
K20: W | L20: W40X297 | M20: W40X297 | N20: 128.75143 | O20: 9.6068376 | P20: 81.449275 | Q20: 731.20934 | R20: 339.65888 | S20: 303.03922 | T20: 170.80392 | U20: 1388.4578 | V20: 694.22025 | W20: 0 | X20: 13.404471
A21: Ult Allowed | B21: =B15/B18 -> 20000 | C21: psi | K21: W | L21: W40X277 | M21: W40X277 | N21: 137.91411 | O21: 10.218182 | P21: 85.151515 | Q21: 769.53505 | R21: 379.67541 | S21: 344.83883 | T21: 181.14951 | U21: 1479.0928 | V21: 765.06669 | W21: 0 | X21: 12.521802
A22: Yield Allowed | B22: =B16/B19 -> 23000 | C22: psi | K22: W | L22: W40X249 | M22: W40X249 | N22: 152.92517 | O22: 11.319235 | P22: 95.254237 | Q22: 867.62693 | R22: 421.30884 | S22: 418.91864 | T22: 221.25984 | U22: 1688.8302 | V22: 864.12425 | W22: 0 | X22: 10.842517
K23: W | L23: W40X215 | M23: W40X215 | N23: 177.00787 | O23: 13.084983 | P23: 111.28713 | Q23: 1003.9197 | R23: 489.77614 | S23: 552.93548 | T23: 294.59677 | U23: 2007.8863 | V23: 1034.8109 | W23: 0 | X23: 8.9607235
A24: Beam Type | B24: W | K24: W | L24: W40X199 | M24: W40X199 | N24: 191.15646 | O24: 14.597403 | P24: 127.43764 | Q24: 1156.2698 | R24: 495.55808 | S24: 657.20219 | T24: 399.23497 | U24: 2327.5824 | V24: 1151.4841 | W24: 0 | X24: 7.5926066
K25: W | L25: W40X392 | M25: W40X392 | N25: 96.896552 | O25: 7.8055556 | P25: 86.461538 | Q25: 749.86657 | R25: 224.49291 | S25: 164.67907 | T25: 92.795349 | U25: 1343.4287 | V25: 462.13382 | W25: 0 | X25: 13.88728
K26: W | L26: W40X331 | M26: W40X331 | N26: 115.04606 | O26: 9.2892562 | P26: 106.03774 | Q26: 925.93241 | R26: 263.33842 | S26: 228.01143 | T26: 130.5981 | U26: 1667.6606 | V26: 558.82082 | W26: 0 | X26: 10.992848
K27: W | L27: W40X327 | M27: W40X327 | N27: 117.20542 | O27: 9.3666667 | P27: 107.04762 | Q27: 927.59683 | R27: 270.211 | S27: 232.43883 | T27: 128.76893 | U27: 1672.7131 | V27: 568.65142 | W27: 0 | X27: 10.956623
A28: Beam Profiles | K28: W | L28: W40X294 | M28: W40X294 | N28: 130.39443 | O28: 10.407407 | P28: 120.2139 | Q28: 1051.8135 | R28: 301.16654 | S28: 283.20104 | T28: 155.54047 | U28: 1904.645 | V28: 642.50415 | W28: 0 | X28: 9.5006447
A29: Useful Link: | B29: https://www.engineersedge.com/materials/aisc_structural_shapes/aisc_structural_shapes_viewer.htm | H29: [ | K29: W | L29: W40X278 | M29: W40X278 | N29: 136.57351 | O29: 11.019608 | P29: 129.04707 | Q29: 1132.3316 | R29: 312.4736 | S29: 312.99077 | T29: 178.11077 | U29: 2053.5199 | V29: 681.62994 | W29: 0 | X29: 8.739375
K30: W | L30: W40X264 | M30: W40X264 | N30: 145.21964 | O30: 11.575695 | P30: 136.07748 | Q30: 1199.2637 | R30: 334.9549 | S30: 346.61676 | T30: 192.34225 | U30: 2181.9496 | V30: 730.30504 | W30: 0 | X30: 8.1661145
K31: W | L31: W40X235 | M31: W40X235 | N31: 162.66281 | O31: 12.845714 | P31: 150.67024 | Q31: 1329.8552 | R31: 385.25135 | S31: 430.00484 | T31: 225.88862 | U31: 2442.6726 | V31: 839.47924 | W31: 0 | X31: 7.1877531
K32: W | L32: W40X211 | M32: W40X211 | N32: 180.99839 | O32: 14.300254 | P32: 170.04539 | Q32: 1501.914 | R32: 427.36172 | S32: 525.02632 | T32: 277.30263 | U32: 2779.869 | V32: 955.02912 | W32: 0 | X32: 6.1945837
K33: W | L33: W40X183 | M33: W40X183 | N33: 210.8818 | O33: 16.651852 | P33: 200.71429 | Q33: 1782.7795 | R33: 492.56876 | S33: 698.8601 | T33: 378.54922 | U33: 3344.1771 | V33: 1158.0876 | W33: 0 | X33: 4.9805445
K34: W | L34: W40X167 | M34: W40X167 | N34: 227.99189 | O34: 18.733333 | P34: 234.65553 | Q34: 2062.9867 | R34: 500.88064 | S34: 826.94286 | T34: 521.85714 | U34: 3879.5584 | V34: 1342.1536 | W34: 0 | X34: 4.1552259
D35: W, S, M, HP | K35: W | L35: W40X149 | M35: W40X149 | N35: 256.621 | O35: 21.910331 | P35: 289.69072 | Q35: 2563.5503 | R35: 524.31487 | S35: 996.7094 | T35: 756.53846 | U35: 4797.7636 | V35: 1692.5265 | W35: 0 | X35: 3.1686089
K36: W | L36: W36X925 | M36: W36X925 | N36: 41.323529 | O36: 3.3156342 | P36: 21.167608 | Q36: 171.02448 | R36: 105.02767 | S36: 35.606434 | T36: 23.737622 | U36: 309.64835 | V36: 197.77105 | W36: 0 | X36: 63.589396
K37: W | L37: W36X853 | M37: W36X853 | N37: 44.780876 | O37: 3.4584615 | P37: 22.257426 | Q37: 184.74422 | R37: 124.2517 | S37: 41.062258 | T37: 22.842581 | U37: 335.29002 | V37: 229.89258 | W37: 0 | X37: 58.649852
K38: W | L38: W36X802 | M38: W36X802 | N38: 47.627119 | O38: 3.6973684 | P38: 24.017094 | Q38: 199.77078 | R38: 132.64343 | S38: 45.923429 | T38: 25.477333 | U38: 362.94397 | V38: 245.77729 | W38: 0 | X38: 54.104924
K39: W | L39: W36X723 | M39: W36X723 | N39: 52.769953 | O39: 4.1021898 | P39: 27.019231 | Q39: 225.11157 | R39: 147.34641 | S39: 55.842038 | T39: 31.071083 | U39: 410.38814 | V39: 273.98338 | W39: 0 | X39: 47.734352
K40: W | L40: W36X652 | M40: W36X652 | N40: 58.541667 | O40: 4.5691057 | P40: 30.626703 | Q40: 254.60111 | R40: 163.49993 | S40: 67.09882 | T40: 37.340304 | U40: 465.57346 | V40: 305.23154 | W40: 0 | X40: 41.957775
K41: W | L41: W36X529 | M41: W36X529 | N41: 72.051282 | O41: 5.6482412 | P41: 38.892734 | Q41: 324.98102 | R41: 204.50467 | S41: 100.02569 | T41: 55.340673 | U41: 600.37252 | V41: 385.02988 | W41: 0 | X41: 32.31265
K42: W | L42: W36X487 | M42: W36X487 | N42: 78.601399 | O42: 6.1420765 | P42: 42.737643 | Q42: 356.95854 | R42: 220.63704 | S42: 116.75659 | T42: 65.348837 | U42: 662.87702 | V42: 418.45544 | W42: 0 | X42: 29.171509
K43: W | L43: W36X441 | M43: W36X441 | N43: 86.461538 | O43: 6.8121212 | P43: 47.829787 | Q43: 401.62699 | R43: 244.5941 | S43: 141.36907 | T43: 78.795876 | U43: 750.85187 | V43: 466.92116 | W43: 0 | X43: 25.636412
K44: W | L44: W36X395 | M44: W36X395 | N44: 96.896552 | O44: 7.5436242 | P44: 54.038462 | Q44: 453.97922 | R44: 273.80731 | S44: 174.14085 | T44: 96.569014 | U44: 856.9609 | V44: 527.26039 | W44: 0 | X44: 22.338288
K45: W | L45: W36X361 | M45: W36X361 | N45: 106.03774 | O45: 8.3259259 | P45: 59.787234 | Q45: 502.21504 | R45: 299.50945 | S45: 207.26972 | T45: 115.49358 | U45: 957.01128 | V45: 582.63416 | W45: 0 | X45: 19.898395
K46: W | L46: W36X330 | M46: W36X330 | N46: 115.99587 | O46: 9.0645161 | P46: 65.730994 | Q46: 554.08451 | R46: 330.11529 | S46: 246.66667 | T46: 136 | U46: 1067.6908 | V46: 647.16124 | W46: 0 | X46: 17.732015
K47: W | L47: W36X302 | M47: W36X302 | N47: 126.29213 | O47: 9.9469027 | P47: 72.051282 | Q47: 604.71612 | R47: 357.95281 | S47: 293.67341 | T47: 165.19129 | U47: 1182.8617 | V47: 713.89074 | W47: 0 | X47: 15.908147
... K49: W | L49: W36X262 | M49: W36X262 | N49: 145.59585 | O49: 11.563786 | P49: 85.151515 | Q49: 716.10601 | R49: 405.91381 | S49: 389.07692 | T49: 226.96154 | U49: 1432.2293 | V49: 841.15835 | W49: 0 | X49: 12.964245
D50: C, MC | K50: W | L50: W36X247 | M50: W36X247 | N50: 155.03448 | O50: 12.311062 | P50: 91.382114 | Q50: 770.76641 | R50: 428.23054 | S50: 437.29107 | T50: 259.13545 | U50: 1556.5516 | V50: 904.73075 | W50: 0 | X50: 11.848915
K51: W | L51: W36X231 | M51: W36X231 | N51: 164.80938 | O51: 13.161593 | P51: 98.596491 | Q51: 830.37825 | R51: 451.26856 | S51: 493.46341 | T51: 297.6446 | U51: 1695.7571 | V51: 976.31778 | W51: 0 | X51: 10.794142
K52: W | L52: W36X387 | M52: W36X387 | N52: 98.596491 | O52: 8.2647059 | P52: 80.863309 | Q52: 657.10034 | R52: 238.65958 | S52: 167.29302 | T52: 92.795349 | U52: 1189.346 | V52: 481.61043 | W52: 0 | X52: 15.815964
K53: W | L53: W36X350 | M53: W36X350 | N53: 109.12621 | O53: 9.2131148 | P53: 90.645161 | Q53: 739.14677 | R53: 263.04824 | S53: 202.14574 | T53: 113.27132 | U53: 1343.606 | V53: 538.28322 | W53: 0 | X53: 13.885316
K54: W | L54: W36X318 | M54: W36X318 | N54: 120.34261 | O54: 10.126126 | P54: 102.18182 | Q54: 835.65322 | R54: 290.25584 | S54: 243.55239 | T54: 134.92574 | U54: 1525.4601 | V54: 601.23747 | W54: 0 | X54: 12.110799
K55: W | L55: W36X286 | M55: W36X286 | N55: 133.96901 | O55: 11.24 | P55: 114.81103 | Q55: 943.22896 | R55: 324.28472 | S55: 297.98352 | T55: 163.65934 | U55: 1732.9269 | V55: 680.76816 | W55: 0 | X55: 10.541168
K56: W | L56: W36X256 | M56: W36X256 | N56: 149.26959 | O56: 12.558659 | P56: 129.9422 | Q56: 1070.5465 | R56: 359.6131 | S56: 367.58412 | T56: 203.97732 | U56: 1982.0933 | V56: 773.24961 | W56: 0 | X56: 9.0903425
K57: W | L57: W36X232 | M57: W36X232 | N57: 165.29412 | O57: 13.893696 | P57: 145.59585 | Q57: 1200.8547 | R57: 399.64444 | S57: 445.62626 | T57: 246.93939 | U57: 2242.1839 | V57: 876.10996 | W57: 0 | X57: 7.9198748
K58: W | L58: W36X210 | M58: W36X210 | N58: 181.5832 | O58: 15.632823 | P58: 166.51852 | Q58: 1367.3966 | R58: 422.67981 | S58: 545.94286 | T58: 333.18571 | U58: 2576.0015 | V58: 1000.6576 | W58: 0 | X58: 6.7639705
K59: W | L59: W36X194 | M59: W36X194 | N59: 197.19298 | O59: 16.927711 | P59: 181.5832 | Q59: 1498.6667 | R59: 460.21282 | S59: 637.94595 | T59: 387.32432 | U59: 2848.7738 | V59: 1114.4638 | W59: 0 | X59: 6.0205645
K60: W | L60: W36X182 | M60: W36X182 | N60: 209.70149 | O60: 18.041734 | P60: 195.13889 | Q60: 1619.5965 | R60: 487.05523 | S60: 716.92973 | T60: 440.48649 | U60: 3096.7843 | V60: 1213.5002 | W60: 0 | X60: 5.4583123
K61: W | L61: W36X170 | M61: W36X170 | N61: 224.8 | O61: 19.345955 | P61: 211.2782 | Q61: 1740.2841 | R61: 519.4958 | S61: 818.80795 | T61: 506.17219 | U61: 3362.219 | V61: 1336.2895 | W61: 0 | X61: 4.9484525
K62: W | L62: W36X160 | M62: W36X160 | N62: 239.14894 | O62: 20.738007 | P62: 228.92057 | Q62: 1886.4074 | R62: 545.69987 | S62: 924.58065 | T62: 589.19355 | U62: 3671.3867 | V62: 1474.3626 | W62: 0 | X62: 4.447533
D63: WT, MT | K63: W | L63: W36X150 | M63: W36X150 | N63: 253.7246 | O63: 22.301587 | P63: 249.22395 | Q63: 2061.5524 | R63: 570.95221 | S63: 1046.099 | T63: 695.54455 | U63: 4038.422 | V63: 1644.7473 | W63: 0 | X63: 3.9524295
K64: W | L64: W36X135 | M64: W36X135 | N64: 281.70426 | O64: 25.603645 | P64: 298.14324 | Q64: 2462.9986 | R64: 602.82906 | S64: 1268.5143 | T64: 963.42857 | U64: 4836.6355 | V64: 2059.4571 | W64: 0 | X64: 3.1351059
K65: W | L65: W33X387 | M65: W33X387 | N65: 98.596491 | O65: 8.3259259 | P65: 56.2 | Q65: 436.68508 | R65: 285.60716 | S65: 173.15676 | T65: 95.691892 | U65: 829.84353 | V65: 546.6206 | W65: 0 | X65: 23.100929
K66: W | L66: W33X354 | M66: W33X354 | N66: 108.07692 | O66: 9.0645161 | P66: 62.099448 | Q66: 482.54572 | R66: 311.39028 | S66: 204.27478 | T66: 113.37739 | U66: 925.12862 | V66: 601.31715 | W66: 0 | X66: 20.618616
K67: W | L67: W33X318 | M67: W33X318 | N67: 119.95731 | O67: 10.126126 | P67: 69.813665 | Q67: 541.6923 | R67: 350.28008 | S67: 251.70142 | T67: 138.50237 | U67: 1053.7131 | V67: 682.34593 | W67: 0 | X67: 17.980498
K68: W | L68: W33X291 | M68: W33X291 | N68: 131.30841 | O68: 11.019608 | P68: 76.986301 | Q68: 599.30237 | R68: 379.03249 | S68: 298.69739 | T68: 165.75115 | U68: 1180.3598 | V68: 749.3437 | W68: 0 | X68: 15.943987
K69: W | L69: W33X263 | M69: W33X263 | N69: 145.21964 | O69: 12.230686 | P69: 85.801527 | Q69: 664.29446 | R69: 418.4631 | S69: 362.35729 | T69: 200.79671 | U69: 1333.0196 | V69: 839.91875 | W69: 0 | X69: 14.00353
K70: W | L70: W33X241 | M70: W33X241 | N70: 158.0872 | O70: 13.525872 | P70: 95.254237 | Q70: 744.34237 | R70: 445.36569 | S70: 434.69613 | T70: 257.71271 | U70: 1516.6532 | V70: 930.33191 | W70: 0 | X70: 12.18693
K71: W | L71: W33X221 | M71: W33X221 | N71: 172.12864 | O71: 14.808959 | P71: 106.03774 | Q71: 815.40179 | R71: 475.57089 | S71: 517.52518 | T71: 313.34532 | U71: 1698.226 | V71: 1029.0255 | W71: 0 | X71: 10.776995
K72: W | L72: W33X201 | M72: W33X201 | N72: 190.18613 | O72: 16.38484 | P72: 118.06723 | Q72: 913.44982 | R72: 517.68507 | S72: 621.44231 | T72: 386.375 | U72: 1940.9104 | V72: 1165.0066 | W72: 0 | X72: 9.3044426
K73: W | L73: W33X169 | M73: W33X169 | N73: 227.07071 | O73: 20.473588 | P73: 208.53432 | Q73: 1604.8652 | R73: 561.61175 | S73: 774.73446 | T73: 425.46893 | U73: 3120.1642 | V73: 1302.8056 | W73: 0 | X73: 5.4099191
K74: W | L74: W33X152 | M74: W33X152 | N74: 250.33408 | O74: 23.080082 | P74: 238.13559 | Q74: 1831.3843 | R74: 603.04153 | S74: 960.83871 | T74: 575.59677 | U74: 3618.4558 | V74: 1531.8601 | W74: 0 | X74: 4.5272197
K75: W | L75: W33X141 | M75: W33X141 | N75: 270.84337 | O75: 25.089286 | P75: 263.23185 | Q75: 2013.2622 | R75: 630.92129 | S75: 1112.4124 | T75: 701.05155 | U75: 4023.0241 | V75: 1726.6354 | W75: 0 | X75: 3.9713846
D76: L | K76: W | L76: W33X130 | M76: W33X130 | N76: 293.47258 | O76: 27.684729 | P76: 296.56992 | Q76: 2270.433 | R76: 664.26846 | S76: 1303.962 | T76: 884.55902 | U76: 4576.804 | V76: 2013.1266 | W76: 0 | X76: 3.3698616
K77: W | L77: W33X118 | M77: W33X118 | N77: 323.91931 | O77: 31.309192 | P77: 344.78528 | Q77: 2643.8936 | R77: 710.07704 | S77: 1569.3585 | T77: 1166.4151 | U77: 5371.1449 | V77: 2466.6212 | W77: 0 | X77: 2.7236009
K78: W | L78: W30X391 | M78: W30X391 | N78: 97.73913 | O78: 8.992 | P78: 56.767677 | Q78: 396.75833 | R78: 288.26655 | S78: 158.52948 | T78: 88.360694 | U78: 757.87741 | V78: 547.21798 | W78: 0 | X78: 25.389492
K79: W | L79: W30X357 | M79: W30X357 | N79: 107.04762 | O79: 9.8596491 | P79: 62.793296 | Q79: 440.41624 | R79: 317.50043 | S79: 187.89254 | T79: 104.01194 | U79: 848.58853 | V79: 605.94333 | W79: 0 | X79: 22.568548
K80: W | L80: W30X326 | M80: W30X326 | N80: 117.20542 | O80: 10.807692 | P80: 69.382716 | Q80: 490.81039 | R80: 348.02214 | S80: 223.70874 | T80: 124.40388 | U80: 954.87508 | V80: 669.88978 | W80: 0 | X80: 19.945148
K81: W | L81: W30X292 | M81: W30X292 | N81: 130.69767 | O81: 12.086022 | P81: 78.055556 | Q81: 549.57248 | R81: 391.23306 | S81: 276.51596 | T81: 152.45745 | U81: 1088.2293 | V81: 760.05902 | W81: 0 | X81: 17.37848
K82: W | L82: W30X261 | M82: W30X261 | N82: 145.97403 | O82: 13.558504 | P82: 88.503937 | Q82: 625.09559 | R82: 432.69802 | S82: 342.80961 | T82: 193.21996 | U82: 1259.4883 | V82: 857.44194 | W82: 0 | X82: 14.879464
K83: W | L83: W30X235 | M83: W30X235 | N83: 162.19336 | O83: 15.026738 | P83: 98.596491 | Q83: 696.74854 | R83: 487.28658 | S83: 418.36228 | T83: 231.4938 | U83: 1434.4098 | V83: 974.26258 | W83: 0 | X83: 12.943017
K84: W | L84: W30X211 | M84: W30X211 | N84: 180.41734 | O84: 16.902256 | P84: 112.4 | Q84: 787.39842 | R84: 523.80583 | S84: 522.42254 | T84: 306.72535 | U84: 1665.7404 | V84: 1096.0316 | W84: 0 | X84: 11.006673
K85: W | L85: W30X191 | M85: W30X191 | N85: 200.35651 | O85: 18.733333 | P85: 125.58659 | Q85: 877.17108 | R85: 576.45438 | S85: 636.93333 | T85: 380.01905 | U85: 1908.9634 | V85: 1244.5659 | W85: 0 | X85: 9.4768901
K86: W | L86: W30X173 | M86: W30X173 | N86: 220.82515 | O86: 20.77634 | P86: 140.85213 | Q86: 992.49836 | R86: 627.61263 | S86: 770.94872 | T86: 471.9359 | U86: 2210.094 | V86: 1412.8461 | W86: 0 | X86: 8.0493888
K87: W | L87: W30X148 | M87: W30X148 | N87: 257.79817 | O87: 25.779817 | P87: 259.5843 | Q87: 1800.1792 | R87: 641.98987 | S87: 914.70345 | T87: 503.86207 | U87: 3539.3513 | V87: 1514.3015 | W87: 0 | X87: 4.6507529
K88: W | L88: W30X132 | M88: W30X132 | N88: 289.69072 | O88: 29.578947 | P88: 302.15054 | Q88: 2075.9592 | R88: 681.01055 | S88: 1156.3786 | T88: 711.17284 | U88: 4162.5253 | V88: 1815.1555 | W88: 0 | X88: 3.8047756
K89: W | L89: W30X124 | M89: W30X124 | N89: 307.94521 | O89: 31.661972 | P89: 326.74419 | Q89: 2253.609 | R89: 724.09746 | S89: 1308.2854 | T89: 822.95369 | U89: 4562.3586 | V89: 2012.1466 | W89: 0 | X89: 3.3836975
D90: Double L | K90: W | L90: W30X116 | M90: W30X116 | N90: 328.65497 | O90: 34.164134 | P90: 359.10543 | Q90: 2479.4118 | R90: 754.59262 | S90: 1485.8476 | T90: 987.65163 | U90: 5058.3448 | V90: 2270.6326 | W90: 0 | X90: 2.9538625
K91: W | L91: W30X108 | M91: W30X108 | N91: 354.57413 | O91: 37.591973 | P91: 402.86738 | Q91: 2780.6236 | R91: 784.35236 | S91: 1711.9038 | T91: 1227.6152 | U91: 5711.3506 | V91: 2645.5286 | W91: 0 | X91: 2.5017987
K92: W | L92: W30X99 | M92: W30X99 | N92: 387.58621 | O92: 41.784387 | P92: 458.77551 | Q92: 3178.2882 | R92: 834.278 | S92: 1997.5597 | T92: 1550.3448 | U92: 6562.3232 | V92: 3176.0935 | W92: 0 | X92: 2.0477011
K93: W | L93: W30X90 | M93: W30X90 | N93: 427.37643 | O93: 45.877551 | P93: 508.59729 | Q93: 3500.9836 | R93: 920.82277 | S93: 2414.2254 | T93: 1860.1408 | U93: 7431.0257 | V93: 3726.6805 | W93: 0 | X93: 1.6914185
K94: W | L94: W27X539 | M94: W27X539 | N94: 70.691824 | O94: 7.1592357 | P94: 40.577617 | Q94: 257.32187 | R94: 210.17053 | S94: 80.220968 | T94: 44.642742 | U94: 481.63804 | V94: 390.5371 | W94: 0 | X94: 40.524959
K95: W | L95: W27X368 | M95: W27X368 | N95: 103.11927 | O95: 10.603774 | P95: 62.793296 | Q95: 399.59985 | R95: 312.22222 | S95: 163.97176 | T95: 91.242353 | U95: 768.67312 | V95: 590.40805 | W95: 0 | X95: 25.018862
K96: W | L96: W27X336 | M96: W27X336 | N96: 113.30645 | O96: 11.563786 | P96: 69.382716 | Q96: 440.75974 | R96: 343.99435 | S96: 195.62748 | T96: 108.10992 | U96: 857.52667 | V96: 654.05948 | W96: 0 | X96: 22.32289
K97: W | L97: W27X307 | M97: W27X307 | N97: 124.61197 | O97: 12.671928 | P97: 76.986301 | Q97: 486.58009 | R97: 375.75151 | S97: 232.5901 | T97: 129.09307 | U97: 958.37713 | V97: 720.74571 | W97: 0 | X97: 19.868611
K98: W | L98: W27X281 | M98: W27X281 | N98: 135.25872 | O98: 13.808354 | P98: 84.511278 | Q98: 537.77273 | R98: 415.24021 | S98: 272.87044 | T98: 149.86667 | U98: 1070.2954 | V98: 799.50747 | W98: 0 | X98: 17.68643
K99: W | L99: W27X258 | M99: W27X258 | N99: 147.70039 | O99: 15.087248 | P99: 93.666667 | Q99: 591.41164 | R99: 450.27967 | S99: 322.96753 | T99: 178.81818 | U99: 1194.9879 | V99: 877.46907 | W99: 0 | X99: 15.736571
K100: W | L100: W27X235 | M100: W27X235 | N100: 161.95965 | O100: 16.602659 | P100: 104.07407 | Q100: 658.19125 | R100: 488.97247 | S100: 385.02979 | T100: 217.62553 | U100: 1350.657 | V100: 969.14817 | W100: 0 | X100: 13.807609
K101: W | L101: W27X217 | M101: W27X217 | N101: 175.89984 | O101: 17.926635 | P101: 112.4 | Q101: 713.14394 | R101: 533.47937 | S101: 448.40426 | T101: 248.11702 | U101: 1490.8711 | V101: 1064.0778 | W101: 0 | X101: 12.414976
...

Sheet W
CG1: Axial | CH1: Bending Stress | CJ1: Shear Stress | CL1: Torsional Stress | CN1: Combined Stress | CQ1: Min MS
CG2: Stress | CH2: X-axis | CI2: Y-axis | CJ2: X-axis | CK2: Y-axis | CL2: Flange | CM2: Web | CN2: Flange | CO2: Web
A3: Type | B3: EDI_Std_Nomenclature | C3: AISC_Manual_Label | D3: T_F | E3: W | F3: A | G3: d | H3: ddet | I3: Ht | J3: h | K3: OD | L3: bf | M3: bfdet | N3: B | O3: b | P3: ID | Q3: tw | R3: twdet | S3: twdet/2 | T3: tf | U3: tfdet | V3: t | W3: tnom | X3: tdes | Y3: kdes | Z3: kdet | AA3: k1 | AB3: x | AC3: y | AD3: eo | AE3: xp | AF3: yp | AG3: bf/2tf | AH3: b/t | AI3: b/tdes | AJ3: h/tw | AK3: h/tdes | AL3: D/t | AM3: Ix | AN3: Zx | AO3: Sx | AP3: rx | AQ3: Iy | AR3: Zy | AS3: Sy | AT3: ry | AU3: Iz | AV3: rz | AW3: Sz | AX3: J | AY3: Cw | AZ3: C | BA3: Wno | BB3: Sw1 | BC3: Sw2 | BD3: Sw3 | BE3: Qf | BF3: Qw | BG3: ro | BH3: H | BI3: tan(α) | BJ3: Iw | BK3: zA | BL3: zB | BM3: zC | BN3: wA | BO3: wB | BP3: wC | BQ3: SwA | BR3: SwB | BS3: SwC | BT3: SzA | BU3: SzB | BV3: SzC | BW3: rts | BX3: ho | BY3: PA | BZ3: PA2 | CA3: PB | CB3: PC | CC3: PD | CD3: T | CE3: WGi | CF3: WGo | CS3: Total Shear
A4: W | B4: W44X408 | C4: W44X408 | D4: T | E4: 408 | F4: 120 | G4: 44.8 | H4: 44.75 | I4: – | J4: – | K4: – | L4: 16.1 | M4: 16.125 | N4: – | O4: – | P4: – | Q4: 1.22 | R4: 1.25 | S4: 0.625 | T4: 2.17 | U4: 2.1875 | V4: – | W4: – | X4: – | Y4: 2.96 | Z4: 3.375 | AA4: 1.8125 | AB4: – | AC4: – | AD4: – | AE4: – | AF4: – | AG4: 3.71 | AH4: – | AI4: – | AJ4: 31.9 | AK4: – | AL4: – | AM4: 38700 | AN4: 2000 | AO4: 1730 | AP4: 18 | AQ4: 1520 | AR4: 297 | AS4: 189 | AT4: 3.56 | AU4: – | AV4: – | AW4: – | AX4: 134 | AY4: 691000 | AZ4: – | BA4: 172 | BB4: 1500 | BC4: – | BD4: – | BE4: 344 | BF4: 994 | BG4: – | BH4: – | BI4: – | BJ4: – | BK4: – | BL4: – | BM4: – | BN4: – | BO4: – | BP4: – | BQ4: – | BR4: – | BS4: – | BT4: – | BU4: – | BV4: – | BW4: 4.33 | BX4: 42.6 | BY4: 134 | BZ4: – | CA4: 150 | CB4: 106 | CC4: 122 | CD4: 38 | CE4: 5.5 | CF4: 3 | CG4: =Beams!$B$11/F4 -> 93.666667 | CH4: =Beams!$B$9/AO4 -> 6.4971098 | CI4: =Beams!$C$9/AS4 -> 59.470899 | CJ4: =Beams!$B$8*BE4/(AQ4*2*T4) -> 586.12661 | CK4: =Beams!$C$8*BF4/(AM4*Q4) -> 236.63659 | CL4: =Beams!$B$12*T4/AX4 -> 182.0209 | CM4: =Beams!$B$12*Q4/AX4 -> 102.33433 | CN4: =SQRT( (CG4 + CH4 + CI4)^2 + 3 * ( CJ4^2 + CL4^2 ) ) -> 1074.9471 | CO4: =SQRT( (CG4 + CH4 + CI4)^2 + 3 * ( CK4^2 + CM4^2 ) ) -> 474.22653 | CQ4: =MIN(Beams!$B$21:$B$22)/MAX(CN4:CP4)-1 -> 17.605567 | CR4: =Beams!$B$9/AO4 -> 6.4971098 | CS4: =SQRT( (Beams!$B$8 * BE4 / (AQ4 * T4))^2 + (Beams!$B$12 * Z4 / AX4)^2 ) -> 1205.9525 | CW4: =SQRT( ( (Beams!$B$11 / F4) )^2 + 3 * (SQRT( (Beams!$C$8 * BF4 / (AM4 * Q4))^2 + (Beams!$B$12 * Q4 / AX4)^2 ))^2 ) -> 456.26858 | CX4: =(Beams!$B$11 / F4) + (Beams!$B$9 * (G4/2 - T4/2) / AM4) + (Beams!$C$9 * (L4/2) / AQ4) -> 159.38501 | CY4: =SQRT( ( (Beams!$B$11 / F4) )^2 + 3 * (SQRT( (Beams!$C$8 * BF4 / (AM4 * Q4))^2 + (Beams!$B$12 * Q4 / AX4)^2 ))^2 ) -> 456.26858 | CZ4: =SQRT( ((Beams!$B$11 / F4) + (Beams!$B$9 * (G4/2) / AM4) + (Beams!$C$9 * (L4/2) / AQ4))^2 + 3 * (SQRT( (Beams!$B$8 * BE4 / (AQ4 * T4))^2 + (Beams!$B$12 * Z4 / AX4)^2 ))^2 ) -> 2094.8672
A5: W | B5: W44X368 | C5: W44X368 | D5: F | E5: 368 | F5: 108 | G5: 44.4 | H5: 44.375 | I5: – | J5: – | K5: – | L5: 16 | M5: 16 | N5: – | O5: – | P5: – | Q5: 1.1 | R5: 1.125 | S5: 0.5625 | T5: 1.97 | U5: 2 | V5: – | W5: – | X5: – | Y5: 2.76 | Z5: 3.1875 | AA5: 1.75 | AB5: – | AC5: – | AD5: – | AE5: – | AF5: – | AG5: 4.06 | AH5: – | AI5: – | AJ5: 35.4 | AK5: – | AL5: – | AM5: 34700 | AN5: 1800 | AO5: 1560 | AP5: 17.9 | AQ5: 1350 | AR5: 265 | AS5: 169 | AT5: 3.54 | AU5: – | AV5: – | AW5: – | AX5: 100 | AY5: 608000 | AZ5: – | BA5: 170 | BB5: 1340 | BC5: – | BD5: – | BE5: 311 | BF5: 894 | BG5: – | BH5: – | BI5: – | BJ5: – | BK5: – | BL5: – | BM5: – | BN5: – | BO5: – | BP5: – | BQ5: – | BR5: – | BS5: – | BT5: – | BU5: – | BV5: – | BW5: 4.28 | BX5: 42.4 | BY5: 133 | BZ5: – | CA5: 149 | CB5: 105 | CC5: 121 | CD5: 38 | CE5: 5.5 | CF5: 3 | CG5: =Beams!$B$11/F5 -> 104.07407 | CH5: =Beams!$B$9/AO5 -> 7.2051282 | CI5: =Beams!$C$9/AS5 -> 66.508876 | CJ5: =Beams!$B$8*BE5/(AQ5*2*T5) -> 657.19872 | CK5: =Beams!$C$8*BF5/(AM5*Q5) -> 263.25806 | CL5: =Beams!$B$12*T5/AX5 -> 221.428 | CM5: =Beams!$B$12*Q5/AX5 -> 123.64 | CN5: =SQRT( (CG5 + CH5 + CI5)^2 + 3 * ( CJ5^2 + CL5^2 ) ) -> 1214.2612 | CO5: =SQRT( (CG5 + CH5 + CI5)^2 + 3 * ( CK5^2 + CM5^2 ) ) -> 534.21303 | CQ5: =MIN(Beams!$B$21:$B$22)/MAX(CN5:CP5)-1 -> 15.470921 | CS5: =SQRT( (Beams!$B$8 * BE5 / (AQ5 * T5))^2 + (Beams!$B$12 * Z5 / AX5)^2 ) -> 1362.3515 | CT5: =(Beams!$B$11 / F4) + (Beams!$B$9 * (G4/2) / AM4) + (Beams!$C$9 * (L4/2) / AQ4) -> 159.70014 | CU5: =SQRT( ((Beams!$B$11 / F4) + (Beams!$B$9 * (G4/2) / AM4) + (Beams!$C$9 * (L4/2) / AQ4))^2 + 3 * (SQRT( (Beams!$B$8 * BE4 / (2*AQ4 * T4))^2 + (Beams!$B$12 * Z4 / AX4)^2 ))^2 ) -> 1138.6699 | CV5: =SQRT( ( (Beams!$B$11 / F4) )^2 + 3 * (SQRT( (Beams!$C$8 * BF4 / (AM4 * Q4))^2 + (Beams!$B$12 * Q4 / AX4)^2 ))^2 ) -> 456.26858
A6: W | B6: W44X335 | C6: W44X335 | D6: F | E6: 335 | F6: 98.5 | G6: 44 | H6: 44 | I6: – | J6: – | K6: – | L6: 15.9 | M6: 16 | N6: – | O6: – | P6: – | Q6: 1.03 | R6: 1 | S6: 0.5 | T6: 1.77 | U6: 1.75 | V6: – | W6: – | X6: – | Y6: 2.56 | Z6: 3 | AA6: 1.75 | AB6: – | AC6: – | AD6: – | AE6: – | AF6: – | AG6: 4.5 | AH6: – | AI6: – | AJ6: 38 | AK6: – | AL6: – | AM6: 31100 | AN6: 1620 | AO6: 1410 | AP6: 17.8 | AQ6: 1200 | AR6: 236 | AS6: 150 | AT6: 3.49 | AU6: – | AV6: – | AW6: – | AX6: 74.7 | AY6: 535000 | AZ6: – | BA6: 168 | BB6: 1180 | BC6: – | BD6: – | BE6: 278 | BF6: 805 | BG6: – | BH6: – | BI6: – | BJ6: – | BK6: – | BL6: – | BM6: – | BN6: – | BO6: – | BP6: – | BQ6: – | BR6: – | BS6: – | BT6: – | BU6: – | BV6: – | BW6: 4.24 | BX6: 42.2 | BY6: 132 | BZ6: – | CA6: 148 | CB6: 104 | CC6: 120 | CD6: 38 | CE6: 5.5 | CF6: 3 | CG6: =Beams!$B$11/F6 -> 114.11168 | CH6: =Beams!$B$9/AO6 -> 7.9716312 | CI6: =Beams!$C$9/AS6 -> 74.933333 | CJ6: =Beams!$B$8*BE6/(AQ6*2*T6) -> 735.57439 | CK6: =Beams!$C$8*BF6/(AM6*Q6) -> 282.46496 | CL6: =Beams!$B$12*T6/AX6 -> 266.32932 | CM6: =Beams!$B$12*Q6/AX6 -> 154.9826 | CN6: =SQRT( (CG6 + CH6 + CI6)^2 + 3 * ( CJ6^2 + CL6^2 ) ) -> 1369.2401 | CO6: =SQRT( (CG6 + CH6 + CI6)^2 + 3 * ( CK6^2 + CM6^2 ) ) -> 591.80548 | CQ6: =MIN(Beams!$B$21:$B$22)/MAX(CN6:CP6)-1 -> 13.606642 | CS6: =SQRT( (Beams!$B$8 * BE6 / (AQ6 * T6))^2 + (Beams!$B$12 * Z6 / AX6)^2 ) -> 1538.8456 | CT6: =(Beams!$B$11 / F5) + (Beams!$B$9 * (G5/2) / AM5) + (Beams!$C$9 * (L5/2) / AQ5) -> 177.87249 | CU6: =SQRT( ((Beams!$B$11 / F5) + (Beams!$B$9 * (G5/2) / AM5) + (Beams!$C$9 * (L5/2) / AQ5))^2 + 3 * (SQRT( (Beams!$B$8 * BE5 / (2*AQ5 * T5))^2 + (Beams!$B$12 * Z5 / AX5)^2 ))^2 ) -> 1308.6069 | CV6: =SQRT( ( (Beams!$B$11 / F5) )^2 + 3 * (SQRT( (Beams!$C$8 * BF5 / (AM5 * Q5))^2 + (Beams!$B$12 * Q5 / AX5)^2 ))^2 ) -> 514.39904
A7: W | B7: W44X290 | C7: W44X290 | D7: F | E7: 290 | F7: 85.4 | G7: 43.6 | H7: 43.625 | I7: – | J7: – | K7: – | L7: 15.8 | M7: 15.875 | N7: – | O7: – | P7: – | Q7: 0.865 | R7: 0.875 | S7: 0.4375 | T7: 1.58 | U7: 1.5625 | V7: – | W7: – | X7: – | Y7: 2.36 | Z7: 2.8125 | AA7: 1.625 | AB7: – | AC7: – | AD7: – | AE7: – | AF7: – | AG7: 5.02 | AH7: – | AI7: – | AJ7: 45 | AK7: – | AL7: – | AM7: 27000 | AN7: 1410 | AO7: 1240 | AP7: 17.8 | AQ7: 1040 | AR7: 205 | AS7: 132 | AT7: 3.49 | AU7: – | AV7: – | AW7: – | AX7: 50.9 | AY7: 461000 | AZ7: – | BA7: 166 | BB7: 1040 | BC7: – | BD7: – | BE7: 248 | BF7: 701 | BG7: – | BH7: – | BI7: – | BJ7: – | BK7: – | BL7: – | BM7: – | BN7: – | BO7: – | BP7: – | BQ7: – | BR7: – | BS7: – | BT7: – | BU7: – | BV7: – | BW7: 4.2 | BX7: 42 | BY7: 131 | BZ7: – | CA7: 147 | CB7: 103 | CC7: 119 | CD7: 38 | CE7: 5.5 | CF7: 3 | CG7: =Beams!$B$11/F7 -> 131.61593 | CH7: =Beams!$B$9/AO7 -> 9.0645161 | CI7: =Beams!$C$9/AS7 -> 85.151515 | CJ7: =Beams!$B$8*BE7/(AQ7*2*T7) -> 848.19864 | CK7: =Beams!$C$8*BF7/(AM7*Q7) -> 337.36844 | CL7: =Beams!$B$12*T7/AX7 -> 348.90373 | CM7: =Beams!$B$12*Q7/AX7 -> 191.01375 | CN7: =SQRT( (CG7 + CH7 + CI7)^2 + 3 * ( CJ7^2 + CL7^2 ) ) -> 1604.5324 | CO7: =SQRT( (CG7 + CH7 + CI7)^2 + 3 * ( CK7^2 + CM7^2 ) ) -> 708.45694 | CQ7: =MIN(Beams!$B$21:$B$22)/MAX(CN7:CP7)-1 -> 11.46469 | CS7: =SQRT( (Beams!$B$8 * BE7 / (AQ7 * T7))^2 + (Beams!$B$12 * Z7 / AX7)^2 ) -> 1806.5139 | CT7: =(Beams!$B$11 / F6) + (Beams!$B$9 * (G6/2) / AM6) + (Beams!$C$9 * (L6/2) / AQ6) -> 196.5278 | CU7: =SQRT( ((Beams!$B$11 / F6) + (Beams!$B$9 * (G6/2) / AM6) + (Beams!$C$9 * (L6/2) / AQ6))^2 + 3 * (SQRT( (Beams!$B$8 * BE6 / (2*AQ6 * T6))^2 + (Beams!$B$12 * Z6 / AX6)^2 ))^2 ) -> 1507.6914 | CV7: =SQRT( ( (Beams!$B$11 / F6) )^2 + 3 * (SQRT( (Beams!$C$8 * BF6 / (AM6 * Q6))^2 + (Beams!$B$12 * Q6 / AX6)^2 ))^2 ) -> 569.59604
A8: W | B8: W44X262 | C8: W44X262 | D8: F | E8: 262 | F8: 77.2 | G8: 43.3 | H8: 43.25 | I8: – | J8: – | K8: – | L8: 15.8 | M8: 15.75 | N8: – | O8: – | P8: – | Q8: 0.785 | R8: 0.8125 | S8: 0.4375 | T8: 1.42 | U8: 1.4375 | V8: – | W8: – | X8: – | Y8: 2.2 | Z8: 2.625 | AA8: 1.625 | AB8: – | AC8: – | AD8: – | AE8: – | AF8: – | AG8: 5.57 | AH8: – | AI8: – | AJ8: 49.6 | AK8: – | AL8: – | AM8: 24100 | AN8: 1270 | AO8: 1110 | AP8: 17.7 | AQ8: 923 | AR8: 182 | AS8: 117 | AT8: 3.47 | AU8: – | AV8: – | AW8: – | AX8: 37.3 | AY8: 405000 | AZ8: – | BA8: 165 | BB8: 928 | BC8: – | BD8: – | BE8: 223 | BF8: 630 | BG8: – | BH8: – | BI8: – | BJ8: – | BK8: – | BL8: – | BM8: – | BN8: – | BO8: – | BP8: – | BQ8: – | BR8: – | BS8: – | BT8: – | BU8: – | BV8: – | BW8: 4.17 | BX8: 41.9 | BY8: 131 | BZ8: – | CA8: 147 | CB8: 102 | CC8: 118 | CD8: 38 | CE8: 5.5 | CF8: 3 | CG8: =Beams!$B$11/F8 -> 145.59585 | CH8: =Beams!$B$9/AO8 -> 10.126126 | CI8: =Beams!$C$9/AS8 -> 96.068376 | CJ8: =Beams!$B$8*BE8/(AQ8*2*T8) -> 956.20527 | CK8: =Beams!$C$8*BF8/(AM8*Q8) -> 374.30029 | CL8: =Beams!$B$12*T8/AX8 -> 427.90349 | CM8: =Beams!$B$12*Q8/AX8 -> 236.55228 | CN8: =SQRT( (CG8 + CH8 + CI8)^2 + 3 * ( CJ8^2 + CL8^2 ) ) -> 1831.8537 | CO8: =SQRT( (CG8 + CH8 + CI8)^2 + 3 * ( CK8^2 + CM8^2 ) ) -> 807.19975 | CQ8: =MIN(Beams!$B$21:$B$22)/MAX(CN8:CP8)-1 -> 9.9179022 | CS8: =SQRT( (Beams!$B$8 * BE8 / (AQ8 * T8))^2 + (Beams!$B$12 * Z8 / AX8)^2 ) -> 2069.547 | CT8: =(Beams!$B$11 / F7) + (Beams!$B$9 * (G7/2) / AM7) + (Beams!$C$9 * (L7/2) / AQ7) -> 226.07195 | CU8: =SQRT( ((Beams!$B$11 / F7) + (Beams!$B$9 * (G7/2) / AM7) + (Beams!$C$9 * (L7/2) / AQ7))^2 + 3 * (SQRT( (Beams!$B$8 * BE7 / (2*AQ7 * T7))^2 + (Beams!$B$12 * Z7 / AX7)^2 ))^2 ) -> 1834.8346 | CV8: =SQRT( ( (Beams!$B$11 / F7) )^2 + 3 * (SQRT( (Beams!$C$8 * BF7 / (AM7 * Q7))^2 + (Beams!$B$12 * Q7 / AX7)^2 ))^2 ) -> 684.2762
A9: W | B9: W44X230 | C9: W44X230 | D9: F | E9: 230 | F9: 67.8 | G9: 42.9 | H9: 42.875 | I9: – | J9: – | K9: – | L9: 15.8 | M9: 15.75 | N9: – | O9: – | P9: – | Q9: 0.71 | R9: 0.6875 | S9: 0.375 | T9: 1.22 | U9: 1.25 | V9: – | W9: – | X9: – | Y9: 2.01 | Z9: 2.4375 | AA9: 1.5625 | AB9: – | AC9: – | AD9: – | AE9: – | AF9: – | AG9: 6.45 | AH9: – | AI9: – | AJ9: 54.8 | AK9: – | AL9: – | AM9: 20800 | AN9: 1100 | AO9: 971 | AP9: 17.5 | AQ9: 796 | AR9: 157 | AS9: 101 | AT9: 3.43 | AU9: – | AV9: – | AW9: – | AX9: 24.9 | AY9: 346000 | AZ9: – | BA9: 165 | BB9: 793 | BC9: – | BD9: – | BE9: 192 | BF9: 547 | BG9: – | BH9: – | BI9: – | BJ9: – | BK9: – | BL9: – | BM9: – | BN9: – | BO9: – | BP9: – | BQ9: – | BR9: – | BS9: – | BT9: – | BU9: – | BV9: – | BW9: 4.13 | BX9: 41.7 | BY9: 130 | BZ9: – | CA9: 146 | CB9: 102 | CC9: 118 | CD9: 38 | CE9: 5.5 | CF9: 3 | CG9: =Beams!$B$11/F9 -> 165.78171 | CH9: =Beams!$B$9/AO9 -> 11.575695 | CI9: =Beams!$C$9/AS9 -> 111.28713 | CJ9: =Beams!$B$8*BE9/(AQ9*2*T9) -> 1111.1294 | CK9: =Beams!$C$8*BF9/(AM9*Q9) -> 416.32449 | CL9: =Beams!$B$12*T9/AX9 -> 550.71486 | CM9: =Beams!$B$12*Q9/AX9 -> 320.49799 | CN9: =SQRT( (CG9 + CH9 + CI9)^2 + 3 * ( CJ9^2 + CL9^2 ) ) -> 2167.2568 | CO9: =SQRT( (CG9 + CH9 + CI9)^2 + 3 * ( CK9^2 + CM9^2 ) ) -> 954.69932 | CQ9: =MIN(Beams!$B$21:$B$22)/MAX(CN9:CP9)-1 -> 8.2282558 | CT9: =(Beams!$B$11 / F8) + (Beams!$B$9 * (G8/2) / AM8) + (Beams!$C$9 * (L8/2) / AQ8) -> 251.89688 | CU9: =SQRT( ((Beams!$B$11 / F8) + (Beams!$B$9 * (G8/2) / AM8) + (Beams!$C$9 * (L8/2) / AQ8))^2 + 3 * (SQRT( (Beams!$B$8 * BE8 / (2*AQ8 * T8))^2 + (Beams!$B$12 * Z8 / AX8)^2 ))^2 ) -> 2164.1556 | CV9: =SQRT( ( (Beams!$B$11 / F8) )^2 + 3 * (SQRT( (Beams!$C$8 * BF8 / (AM8 * Q8))^2 + (Beams!$B$12 * Q8 / AX8)^2 ))^2 ) -> 780.62232
A10: W | B10: W40X655 | C10: W40X655 | D10: T | E10: 655 | F10: 193 | G10: 43.6 | H10: 43.625 | I10: – | J10: – | K10: – | L10: 16.9 | M10: 16.875 | N10: – | O10: – | P10: – | Q10: 1.97 | R10: 2 | S10: 1 | T10: 3.54 | U10: 3.5625 | V10: – | W10: – | X10: – | Y10: 4.72 | Z10: 4.8125 | AA10: 2.1875 | AB10: – | AC10: – | AD10: – | AE10: – | AF10: – | AG10: 2.39 | AH10: – | AI10: – | AJ10: 17.3 | AK10: – | AL10: – | AM10: 56500 | AN10: 3080 | AO10: 2590 | AP10: 17.1 | AQ10: 2870 | AR10: 542 | AS10: 340 | AT10: 3.86 | AU10: – | AV10: – | AW10: – | AX10: 589 | AY10: 1150000 | AZ10: – | BA10: 169 | BB10: 2530 | BC10: – | BD10: – | BE10: 529 | BF10: 1530 | BG10: – | BH10: – | BI10: – | BJ10: – | BK10: – | BL10: – | BM10: – | BN10: – | BO10: – | BP10: – | BQ10: – | BR10: – | BS10: – | BT10: – | BU10: – | BV10: – | BW10: 4.71 | BX10: 40.1 | BY10: 132 | BZ10: – | CA10: 149 | CB10: 104 | CC10: 121 | CD10: 34 | CE10: 7.5 | CF10: 3 | CG10: =Beams!$B$11/F10 -> 58.238342 | CH10: =Beams!$B$9/AO10 -> 4.3397683 | CI10: =Beams!$C$9/AS10 -> 33.058824 | CJ10: =Beams!$B$8*BE10/(AQ10*2*T10) -> 292.6219 | CK10: =Beams!$C$8*BF10/(AM10*Q10) -> 154.50519 | CL10: =Beams!$B$12*T10/AX10 -> 67.554499 | CM10: =Beams!$B$12*Q10/AX10 -> 37.593888 | CN10: =SQRT( (CG10 + CH10 + CI10)^2 + 3 * ( CJ10^2 + CL10^2 ) ) -> 528.88561 | CO10: =SQRT( (CG10 + CH10 + CI10)^2 + 3 * ( CK10^2 + CM10^2 ) ) -> 291.55083 | CQ10: =MIN(Beams!$B$21:$B$22)/MAX(CN10:CP10)-1 -> 36.815361
A11: W | B11: W40X593 | C11: W40X593 | D11: T | E11: 593 | F11: 174 | G11: 43 | H11: 43 | I11: – | J11: – | K11: – | L11: 16.7 | M11: 16.75 | N11: – | O11: – | P11: – | Q11: 1.79 | R11: 1.8125 | S11: 0.9375 | T11: 3.23 | U11: 3.25 | V11: – | W11: – | X11: – | Y11: 4.41 | Z11: 4.5 | AA11: 2.125 | AB11: – | AC11: – | AD11: – | AE11: – | AF11: – | AG11: 2.58 | AH11: – | AI11: – | AJ11: 19.1 | AK11: – | AL11: – | AM11: 50400 | AN11: 2760 | AO11: 2340 | AP11: 17 | AQ11: 2520 | AR11: 481 | AS11: 302 | AT11: 3.8 | AU11: – | AV11: – | AW11: – | AX11: 445 | AY11: 997000 | AZ11: – | BA11: 166 | BB11: 2240 | BC11: – | BD11: – | BE11: 479 | BF11: 1370 | BG11: – | BH11: – | BI11: – | BJ11: – | BK11: – | BL11: – | BM11: – | BN11: – | BO11: – | BP11: – | BQ11: – | BR11: – | BS11: – | BT11: – | BU11: – | BV11: – | BW11: 4.63 | BX11: 39.8 | BY11: 130 | BZ11: – | CA11: 147 | CB11: 103 | CC11: 120 | CD11: 34 | CE11: 7.5 | CF11: 3 | CG11: =Beams!$B$11/F11 -> 64.597701 | CH11: =Beams!$B$9/AO11 -> 4.8034188 | CI11: =Beams!$C$9/AS11 -> 37.218543 | CJ11: =Beams!$B$8*BE11/(AQ11*2*T11) -> 330.72633 | CK11: =Beams!$C$8*BF11/(AM11*Q11) -> 170.68813 | CL11: =Beams!$B$12*T11/AX11 -> 81.584719 | CM11: =Beams!$B$12*Q11/AX11 -> 45.212584 | CN11: =SQRT( (CG11 + CH11 + CI11)^2 + 3 * ( CJ11^2 + CL11^2 ) ) -> 599.56289 | CO11: =SQRT( (CG11 + CH11 + CI11)^2 + 3 * ( CK11^2 + CM11^2 ) ) -> 323.88824 | CQ11: =MIN(Beams!$B$21:$B$22)/MAX(CN11:CP11)-1 -> 32.357635
A12: W | B12: W40X503 | C12: W40X503 | D12: T | E12: 503 | F12: 148 | G12: 42.1 | H12: 42 | I12: – | J12: – | K12: – | L12: 16.4 | M12: 16.375 | N12: – | O12: – | P12: – | Q12: 1.54 | R12: 1.5625 | S12: 0.8125 | T12: 2.76 | U12: 2.75 | V12: – | W12: – | X12: – | Y12: 3.94 | Z12: 4 | AA12: 2 | AB12: – | AC12: – | AD12: – | AE12: – | AF12: – | AG12: 2.98 | AH12: – | AI12: – | AJ12: 22.3 | AK12: – | AL12: – | AM12: 41600 | AN12: 2320 | AO12: 1980 | AP12: 16.8 | AQ12: 2040 | AR12: 394 | AS12: 249 | AT12: 3.72 | AU12: – | AV12: – | AW12: – | AX12: 277 | AY12: 789000 | AZ12: – | BA12: 161 | BB12: 1830 | BC12: – | BD12: – | BE12: 403 | BF12: 1150 | BG12: – | BH12: – | BI12: – | BJ12: – | BK12: – | BL12: – | BM12: – | BN12: – | BO12: – | BP12: – | BQ12: – | BR12: – | BS12: – | BT12: – | BU12: – | BV12: – | BW12: 4.5 | BX12: 39.3 | BY12: 129 | BZ12: – | CA12: 145 | CB12: 101 | CC12: 117 | CD12: 34 | CE12: 7.5 | CF12: 3 | CG12: =Beams!$B$11/F12 -> 75.945946 | CH12: =Beams!$B$9/AO12 -> 5.6767677 | CI12: =Beams!$C$9/AS12 -> 45.140562 | CJ12: =Beams!$B$8*BE12/(AQ12*2*T12) -> 402.25561 | CK12: =Beams!$C$8*BF12/(AM12*Q12) -> 201.76698 | CL12: =Beams!$B$12*T12/AX12 -> 111.99422 | CM12: =Beams!$B$12*Q12/AX12 -> 62.489531 | CN12: =SQRT( (CG12 + CH12 + CI12)^2 + 3 * ( CJ12^2 + CL12^2 ) ) -> 734.25185 | CO12: =SQRT( (CG12 + CH12 + CI12)^2 + 3 * ( CK12^2 + CM12^2 ) ) -> 387.18665 | CQ12: =MIN(Beams!$B$21:$B$22)/MAX(CN12:CP12)-1 -> 26.23861
A13: W | B13: W40X431 | C13: W40X431 | D13: T | E13: 431 | F13: 127 | G13: 41.3 | H13: 41.25 | I13: – | J13: – | K13: – | L13: 16.2 | M13: 16.25 | N13: – | O13: – | P13: – | Q13: 1.34 | R13: 1.3125 | S13: 0.6875 | T13: 2.36 | U13: 2.375 | V13: – | W13: – | X13: – | Y13: 3.54 | Z13: 3.625 | AA13: 1.875 | AB13: – | AC13: – | AD13: – | AE13: – | AF13: – | AG13: 3.44 | AH13: – | AI13: – | AJ13: 25.5 | AK13: – | AL13: – | AM13: 34800 | AN13: 1960 | AO13: 1690 | AP13: 16.6 | AQ13: 1690 | AR13: 328 | AS13: 208 | AT13: 3.65 | AU13: – | AV13: – | AW13: – | AX13: 177 | AY13: 638000 | AZ13: – | BA13: 158 | BB13: 1510 | BC13: – | BD13: – | BE13: 341 | BF13: 969 | BG13: – | BH13: – | BI13: – | BJ13: – | BK13: – | BL13: – | BM13: – | BN13: – | BO13: – | BP13: – | BQ13: – | BR13: – | BS13: – | BT13: – | BU13: – | BV13: – | BW13: 4.41 | BX13: 38.9 | BY13: 127 | BZ13: – | CA13: 143 | CB13: 98.8 | CC13: 115 | CD13: 34 | CE13: 7.5 | CF13: 3 | CG13: =Beams!$B$11/F13 -> 88.503937 | CH13: =Beams!$B$9/AO13 -> 6.6508876 | CI13: =Beams!$C$9/AS13 -> 54.038462 | CJ13: =Beams!$B$8*BE13/(AQ13*2*T13) -> 480.49845 | CK13: =Beams!$C$8*BF13/(AM13*Q13) -> 233.56408 | CL13: =Beams!$B$12*T13/AX13 -> 149.86667 | CM13: =Beams!$B$12*Q13/AX13 -> 85.093785 | CN13: =SQRT( (CG13 + CH13 + CI13)^2 + 3 * ( CJ13^2 + CL13^2 ) ) -> 884.46309 | CO13: =SQRT( (CG13 + CH13 + CI13)^2 + 3 * ( CK13^2 + CM13^2 ) ) -> 455.67316 | CQ13: =MIN(Beams!$B$21:$B$22)/MAX(CN13:CP13)-1 -> 21.612589
A14: W | B14: W40X397 | C14: W40X397 | D14: T | E14: 397 | F14: 117 | G14: 41 | H14: 41 | I14: – | J14: – | K14: – | L14: 16.1 | M14: 16.125 | N14: – | O14: – | P14: – | Q14: 1.22 | R14: 1.25 | S14: 0.625 | T14: 2.2 | U14: 2.1875 | V14: – | W14: – | X14: – | Y14: 3.38 | Z14: 3.5 | AA14: 1.8125 | AB14: – | AC14: – | AD14: – | AE14: – | AF14: – | AG14: 3.66 | AH14: – | AI14: – | AJ14: 28 | AK14: – | AL14: – | AM14: 32000 | AN14: 1800 | AO14: 1560 | AP14: 16.6 | AQ14: 1540 | AR14: 300 | AS14: 191 | AT14: 3.64 | AU14: – | AV14: – | AW14: – | AX14: 142 | AY14: 579000 | AZ14: – | BA14: 156 | BB14: 1380 | BC14: – | BD14: – | BE14: 318 | BF14: 891 | BG14: – | BH14: – | BI14: – | BJ14: – | BK14: – | BL14: – | BM14: – | BN14: – | BO14: – | BP14: – | BQ14: – | BR14: – | BS14: – | BT14: – | BU14: – | BV14: – | BW14: 4.38 | BX14: 38.8 | BY14: 126 | BZ14: – | CA14: 142 | CB14: 98.1 | CC14: 114 | CD14: 34 | CE14: 7.5 | CF14: 3 | CG14: =Beams!$B$11/F14 -> 96.068376 | CH14: =Beams!$B$9/AO14 -> 7.2051282 | CI14: =Beams!$C$9/AS14 -> 58.848168 | CJ14: =Beams!$B$8*BE14/(AQ14*2*T14) -> 527.49705 | CK14: =Beams!$C$8*BF14/(AM14*Q14) -> 256.52766 | CL14: =Beams!$B$12*T14/AX14 -> 174.14085 | CM14: =Beams!$B$12*Q14/AX14 -> 96.569014 | CN14: =SQRT( (CG14 + CH14 + CI14)^2 + 3 * ( CJ14^2 + CL14^2 ) ) -> 975.71407 | CO14: =SQRT( (CG14 + CH14 + CI14)^2 + 3 * ( CK14^2 + CM14^2 ) ) -> 501.67668 | CQ14: =MIN(Beams!$B$21:$B$22)/MAX(CN14:CP14)-1 -> 19.497808
A15: W | B15: W40X372 | C15: W40X372 | D15: T | E15: 372 | F15: 110 | G15: 40.6 | H15: 40.625 | I15: – | J15: – | K15: – | L15: 16.1 | M15: 16.125 | N15: – | O15: – | P15: – | Q15: 1.16 | R15: 1.1875 | S15: 0.625 | T15: 2.05 | U15: 2.0625 | V15: – | W15: – | X15: – | Y15: 3.23 | Z15: 3.3125 | AA15: 1.8125 | AB15: – | AC15: – | AD15: – | AE15: – | AF15: – | AG15: 3.93 | AH15: – | AI15: – | AJ15: 29.5 | AK15: – | AL15: – | AM15: 29600 | AN15: 1680 | AO15: 1460 | AP15: 16.5 | AQ15: 1420 | AR15: 277 | AS15: 177 | AT15: 3.6 | AU15: – | AV15: – | AW15: – | AX15: 116 | AY15: 528000 | AZ15: – | BA15: 155 | BB15: 1280 | BC15: – | BD15: – | BE15: 295 | BF15: 829 | BG15: – | BH15: – | BI15: – | BJ15: – | BK15: – | BL15: – | BM15: – | BN15: – | BO15: – | BP15: – | BQ15: – | BR15: – | BS15: – | BT15: – | BU15: – | BV15: – | BW15: 4.33 | BX15: 38.6 | BY15: 125 | BZ15: – | CA15: 141 | CB15: 97.3 | CC15: 113 | CD15: 34 | CE15: 7.5 | CF15: 3 | CG15: =Beams!$B$11/F15 -> 102.18182 | CH15: =Beams!$B$9/AO15 -> 7.6986301 | CI15: =Beams!$C$9/AS15 -> 63.502825 | CJ15: =Beams!$B$8*BE15/(AQ15*2*T15) -> 569.52937 | CK15: =Beams!$C$8*BF15/(AM15*Q15) -> 271.37582 | CL15: =Beams!$B$12*T15/AX15 -> 198.63793 | CM15: =Beams!$B$12*Q15/AX15 -> 112.4 | CN15: =SQRT( (CG15 + CH15 + CI15)^2 + 3 * ( CJ15^2 + CL15^2 ) ) -> 1059.0203 | CO15: =SQRT( (CG15 + CH15 + CI15)^2 + 3 * ( CK15^2 + CM15^2 ) ) -> 537.4919 | CQ15: =MIN(Beams!$B$21:$B$22)/MAX(CN15:CP15)-1 -> 17.88538
A16: W | B16: W40X362 | C16: W40X362 | D16: T | E16: 362 | F16: 106 | G16: 40.6 | H16: 40.5 | I16: – | J16: – | K16: – | L16: 16 | M16: 16 | N16: – | O16: – | P16: – | Q16: 1.12 | R16: 1.125 | S16: 0.5625 | T16: 2.01 | U16: 2 | V16: – | W16: – | X16: – | Y16: 3.19 | Z16: 3.25 | AA16: 1.75 | AB16: – | AC16: – | AD16: – | AE16: – | AF16: – | AG16: 3.99 | AH16: – | AI16: – | AJ16: 30.5 | AK16: – | AL16: – | AM16: 28900 | AN16: 1640 | AO16: 1420 | AP16: 16.5 | AQ16: 1380 | AR16: 270 | AS16: 173 | AT16: 3.6 | AU16: – | AV16: – | AW16: – | AX16: 109 | AY16: 513000 | AZ16: – | BA16: 154 | BB16: 1240 | BC16: – | BD16: – | BE16: 289 | BF16: 808 | BG16: – | BH16: – | BI16: – | BJ16: – | BK16: – | BL16: – | BM16: – | BN16: – | BO16: – | BP16: – | BQ16: – | BR16: – | BS16: – | BT16: – | BU16: – | BV16: – | BW16: 4.33 | BX16: 38.6 | BY16: 125 | BZ16: – | CA16: 141 | CB16: 97.2 | CC16: 113 | CD16: 34 | CE16: 7.5 | CF16: 3 | CG16: =Beams!$B$11/F16 -> 106.03774 | CH16: =Beams!$B$9/AO16 -> 7.915493 | CI16: =Beams!$C$9/AS16 -> 64.971098 | CJ16: =Beams!$B$8*BE16/(AQ16*2*T16) -> 585.5433 | CK16: =Beams!$C$8*BF16/(AM16*Q16) -> 280.58329 | CL16: =Beams!$B$12*T16/AX16 -> 207.26972 | CM16: =Beams!$B$12*Q16/AX16 -> 115.49358 | CN16: =SQRT( (CG16 + CH16 + CI16)^2 + 3 * ( CJ16^2 + CL16^2 ) ) -> 1090.6324 | CO16: =SQRT( (CG16 + CH16 + CI16)^2 + 3 * ( CK16^2 + CM16^2 ) ) -> 555.16769 | CQ16: =MIN(Beams!$B$21:$B$22)/MAX(CN16:CP16)-1 -> 17.337985
A17: W | B17: W40X324 | C17: W40X324 | D17: F | E17: 324 | F17: 95.3 | G17: 40.2 | H17: 40.125 | I17: – | J17: – | K17: – | L17: 15.9 | M17: 15.875 | N17: – | O17: – | P17: – | Q17: 1 | R17: 1 | S17: 0.5 | T17: 1.81 | U17: 1.8125 | V17: – | W17: – | X17: – | Y17: 2.99 | Z17: 3.0625 | AA17: 1.6875 | AB17: – | AC17: – | AD17: – | AE17: – | AF17: – | AG17: 4.4 | AH17: – | AI17: – | AJ17: 34.2 | AK17: – | AL17: – | AM17: 25600 | AN17: 1460 | AO17: 1280 | AP17: 16.4 | AQ17: 1220 | AR17: 239 | AS17: 153 | AT17: 3.58 | AU17: – | AV17: – | AW17: – | AX17: 79.4 | AY17: 448000 | AZ17: – | BA17: 153 | BB17: 1100 | BC17: – | BD17: – | BE17: 259 | BF17: 720 | BG17: – | BH17: – | BI17: – | BJ17: – | BK17: – | BL17: – | BM17: – | BN17: – | BO17: – | BP17: – | BQ17: – | BR17: – | BS17: – | BT17: – | BU17: – | BV17: – | BW17: 4.27 | BX17: 38.4 | BY17: 124 | BZ17: – | CA17: 140 | CB17: 96.3 | CC17: 112 | CD17: 34 | CE17: 7.5 | CF17: 3 | CG17: =Beams!$B$11/F17 -> 117.94334 | CH17: =Beams!$B$9/AO17 -> 8.78125 | CI17: =Beams!$C$9/AS17 -> 73.464052 | CJ17: =Beams!$B$8*BE17/(AQ17*2*T17) -> 659.17037 | CK17: =Beams!$C$8*BF17/(AM17*Q17) -> 316.125 | CL17: =Beams!$B$12*T17/AX17 -> 256.2267 | CM17: =Beams!$B$12*Q17/AX17 -> 141.56171 | CN17: =SQRT( (CG17 + CH17 + CI17)^2 + 3 * ( CJ17^2 + CL17^2 ) ) -> 1241.1884 | CO17: =SQRT( (CG17 + CH17 + CI17)^2 + 3 * ( CK17^2 + CM17^2 ) ) -> 632.45529 | CQ17: =MIN(Beams!$B$21:$B$22)/MAX(CN17:CP17)-1 -> 15.11359
A18: W | B18: W40X297 | C18: W40X297 | D18: F | E18: 297 | F18: 87.3 | G18: 39.8 | H18: 39.875 | I18: – | J18: – | K18: – | L18: 15.8 | M18: 15.875 | N18: – | O18: – | P18: – | Q18: 0.93 | R18: 0.9375 | S18: 0.5 | T18: 1.65 | U18: 1.625 | V18: – | W18: – | X18: – | Y18: 2.83 | Z18: 2.9375 | AA18: 1.6875 | AB18: – | AC18: – | AD18: – | AE18: – | AF18: – | AG18: 4.8 | AH18: – | AI18: – | AJ18: 36.8 | AK18: – | AL18: – | AM18: 23200 | AN18: 1330 | AO18: 1170 | AP18: 16.3 | AQ18: 1090 | AR18: 215 | AS18: 138 | AT18: 3.54 | AU18: – | AV18: – | AW18: – | AX18: 61.2 | AY18: 399000 | AZ18: – | BA18: 151 | BB18: 982 | BC18: – | BD18: – | BE18: 234 | BF18: 652 | BG18: – | BH18: – | BI18: – | BJ18: – | BK18: – | BL18: – | BM18: – | BN18: – | BO18: – | BP18: – | BQ18: – | BR18: – | BS18: – | BT18: – | BU18: – | BV18: – | BW18: 4.22 | BX18: 38.2 | BY18: 123 | BZ18: – | CA18: 139 | CB18: 95.4 | CC18: 111 | CD18: 34 | CE18: 7.5 | CF18: 3 | CG18: =Beams!$B$11/F18 -> 128.75143 | CH18: =Beams!$B$9/AO18 -> 9.6068376 | CI18: =Beams!$C$9/AS18 -> 81.449275 | CJ18: =Beams!$B$8*BE18/(AQ18*2*T18) -> 731.20934 | CK18: =Beams!$C$8*BF18/(AM18*Q18) -> 339.65888 | CL18: =Beams!$B$12*T18/AX18 -> 303.03922 | CM18: =Beams!$B$12*Q18/AX18 -> 170.80392 | CN18: =SQRT( (CG18 + CH18 + CI18)^2 + 3 * ( CJ18^2 + CL18^2 ) ) -> 1388.4578 | CO18: =SQRT( (CG18 + CH18 + CI18)^2 + 3 * ( CK18^2 + CM18^2 ) ) -> 694.22025 | CQ18: =MIN(Beams!$B$21:$B$22)/MAX(CN18:CP18)-1 -> 13.404471
A19: W | B19: W40X277 | C19: W40X277 | D19: F | E19: 277 | F19: 81.5 | G19: 39.7 | H19: 39.75 | I19: – | J19: – | K19: – | L19: 15.8 | M19: 15.875 | N19: – | O19: – | P19: – | Q19: 0.83 | R19: 0.8125 | S19: 0.4375 | T19: 1.58 | U19: 1.5625 | V19: – | W19: – | X19: – | Y19: 2.76 | Z19: 2.875 | AA19: 1.625 | AB19: – | AC19: – | AD19: – | AE19: – | AF19: – | AG19: 5.03 | AH19: – | AI19: – | AJ19: 41.2 | AK19: – | AL19: – | AM19: 21900 | AN19: 1250 | AO19: 1100 | AP19: 16.4 | AQ19: 1040 | AR19: 204 | AS19: 132 | AT19: 3.58 | AU19: – | AV19: – | AW19: – | AX19: 51.5 | AY19: 379000 | AZ19: – | BA19: 151 | BB19: 940 | BC19: – | BD19: – | BE19: 225 | BF19: 614 | BG19: – | BH19: – | BI19: – | BJ19: – | BK19: – | BL19: – | BM19: – | BN19: – | BO19: – | BP19: – | BQ19: – | BR19: – | BS19: – | BT19: – | BU19: – | BV19: – | BW19: 4.25 | BX19: 38.1 | BY19: 123 | BZ19: – | CA19: 139 | CB19: 95.2 | CC19: 111 | CD19: 34 | CE19: 7.5 | CF19: 3 | CG19: =Beams!$B$11/F19 -> 137.91411 | CH19: =Beams!$B$9/AO19 -> 10.218182 | CI19: =Beams!$C$9/AS19 -> 85.151515 | CJ19: =Beams!$B$8*BE19/(AQ19*2*T19) -> 769.53505 | CK19: =Beams!$C$8*BF19/(AM19*Q19) -> 379.67541 | CL19: =Beams!$B$12*T19/AX19 -> 344.83883 | CM19: =Beams!$B$12*Q19/AX19 -> 181.14951 | CN19: =SQRT( (CG19 + CH19 + CI19)^2 + 3 * ( CJ19^2 + CL19^2 ) ) -> 1479.0928 | CO19: =SQRT( (CG19 + CH19 + CI19)^2 + 3 * ( CK19^2 + CM19^2 ) ) -> 765.06669 | CQ19: =MIN(Beams!$B$21:$B$22)/MAX(CN19:CP19)-1 -> 12.521802
A20: W | B20: W40X249 | C20: W40X249 | D20: F | E20: 249 | F20: 73.5 | G20: 39.4 | H20: 39.375 | I20: – | J20: – | K20: – | L20: 15.8 | M20: 15.75 | N20: – | O20: – | P20: – | Q20: 0.75 | R20: 0.75 | S20: 0.375 | T20: 1.42 | U20: 1.4375 | V20: – | W20: – | X20: – | Y20: 2.6 | Z20: 2.6875 | AA20: 1.5625 | AB20: – | AC20: – | AD20: – | AE20: – | AF20: – | AG20: 5.55 | AH20: – | AI20: – | AJ20: 45.6 | AK20: – | AL20: – | AM20: 19600 | AN20: 1120 | AO20: 993 | AP20: 16.3 | AQ20: 926 | AR20: 182 | AS20: 118 | AT20: 3.55 | AU20: – | AV20: – | AW20: – | AX20: 38.1 | AY20: 334000 | AZ20: – | BA20: 150 | BB20: 841 | BC20: – | BD20: – | BE20: 203 | BF20: 551 | BG20: – | BH20: – | BI20: – | BJ20: – | BK20: – | BL20: – | BM20: – | BN20: – | BO20: – | BP20: – | BQ20: – | BR20: – | BS20: – | BT20: – | BU20: – | BV20: – | BW20: 4.21 | BX20: 38 | BY20: 122 | BZ20: – | CA20: 138 | CB20: 94.6 | CC20: 110 | CD20: 34 | CE20: 7.5 | CF20: 3 | CG20: =Beams!$B$11/F20 -> 152.92517 | CH20: =Beams!$B$9/AO20 -> 11.319235 | CI20: =Beams!$C$9/AS20 -> 95.254237 | CJ20: =Beams!$B$8*BE20/(AQ20*2*T20) -> 867.62693 | CK20: =Beams!$C$8*BF20/(AM20*Q20) -> 421.30884 | CL20: =Beams!$B$12*T20/AX20 -> 418.91864 | CM20: =Beams!$B$12*Q20/AX20 -> 221.25984 | CN20: =SQRT( (CG20 + CH20 + CI20)^2 + 3 * ( CJ20^2 + CL20^2 ) ) -> 1688.8302 | CO20: =SQRT( (CG20 + CH20 + CI20)^2 + 3 * ( CK20^2 + CM20^2 ) ) -> 864.12425 | CQ20: =MIN(Beams!$B$21:$B$22)/MAX(CN20:CP20)-1 -> 10.842517
A21: W | B21: W40X215 | C21: W40X215 | D21: F | E21: 215 | F21: 63.5 | G21: 39 | H21: 39 | I21: – | J21: – | K21: – | L21: 15.8 | M21: 15.75 | N21: – | O21: – | P21: – | Q21: 0.65 | R21: 0.625 | S21: 0.3125 | T21: 1.22 | U21: 1.25 | V21: – | W21: – | X21: – | Y21: 2.4 | Z21: 2.5 | AA21: 1.5625 | AB21: – | AC21: – | AD21: – | AE21: – | AF21: – | AG21: 6.45 | AH21: – | AI21: – | AJ21: 52.6 | AK21: – | AL21: – | AM21: 16700 | AN21: 964 | AO21: 859 | AP21: 16.2 | AQ21: 803 | AR21: 156 | AS21: 101 | AT21: 3.54 | AU21: – | AV21: – | AW21: – | AX21: 24.8 | AY21: 284000 | AZ21: – | BA21: 149 | BB21: 719 | BC21: – | BD21: – | BE21: 175 | BF21: 473 | BG21: – | BH21: – | BI21: – | BJ21: – | BK21: – | BL21: – | BM21: – | BN21: – | BO21: – | BP21: – | BQ21: – | BR21: – | BS21: – | BT21: – | BU21: – | BV21: – | BW21: 4.19 | BX21: 37.8 | BY21: 122 | BZ21: – | CA21: 138 | CB21: 93.8 | CC21: 110 | CD21: 34 | CE21: 7.5 | CF21: 3 | CG21: =Beams!$B$11/F21 -> 177.00787 | CH21: =Beams!$B$9/AO21 -> 13.084983 | CI21: =Beams!$C$9/AS21 -> 111.28713 | CJ21: =Beams!$B$8*BE21/(AQ21*2*T21) -> 1003.9197 | CK21: =Beams!$C$8*BF21/(AM21*Q21) -> 489.77614 | CL21: =Beams!$B$12*T21/AX21 -> 552.93548 | CM21: =Beams!$B$12*Q21/AX21 -> 294.59677 | CN21: =SQRT( (CG21 + CH21 + CI21)^2 + 3 * ( CJ21^2 + CL21^2 ) ) -> 2007.8863 | CO21: =SQRT( (CG21 + CH21 + CI21)^2 + 3 * ( CK21^2 + CM21^2 ) ) -> 1034.8109 | CQ21: =MIN(Beams!$B$21:$B$22)/MAX(CN21:CP21)-1 -> 8.9607235
A22: W | B22: W40X199 | C22: W40X199 | D22: F | E22: 199 | F22: 58.8 | G22: 38.7 | H22: 38.625 | I22: – | J22: – | K22: – | L22: 15.8 | M22: 15.75 | N22: – | O22: – | P22: – | Q22: 0.65 | R22: 0.625 | S22: 0.3125 | T22: 1.07 | U22: 1.0625 | V22: – | W22: – | X22: – | Y22: 2.25 | Z22: 2.3125 | AA22: 1.5625 | AB22: – | AC22: – | AD22: – | AE22: – | AF22: – | AG22: 7.39 | AH22: – | AI22: – | AJ22: 52.6 | AK22: – | AL22: – | AM22: 14900 | AN22: 869 | AO22: 770 | AP22: 16 | AQ22: 695 | AR22: 137 | AS22: 88.2 | AT22: 3.45 | AU22: – | AV22: – | AW22: – | AX22: 18.3 | AY22: 246000 | AZ22: – | BA22: 149 | BB22: 628 | BC22: – | BD22: – | BE22: 153 | BF22: 427 | BG22: – | BH22: – | BI22: – | BJ22: – | BK22: – | BL22: – | BM22: – | BN22: – | BO22: – | BP22: – | BQ22: – | BR22: – | BS22: – | BT22: – | BU22: – | BV22: – | BW22: 4.12 | BX22: 37.6 | BY22: 121 | BZ22: – | CA22: 137 | CB22: 93.2 | CC22: 109 | CD22: 34 | CE22: 7.5 | CF22: 3 | CG22: =Beams!$B$11/F22 -> 191.15646 | CH22: =Beams!$B$9/AO22 -> 14.597403 | CI22: =Beams!$C$9/AS22 -> 127.43764 | CJ22: =Beams!$B$8*BE22/(AQ22*2*T22) -> 1156.2698 | CK22: =Beams!$C$8*BF22/(AM22*Q22) -> 495.55808 | CL22: =Beams!$B$12*T22/AX22 -> 657.20219 | CM22: =Beams!$B$12*Q22/AX22 -> 399.23497 | CN22: =SQRT( (CG22 + CH22 + CI22)^2 + 3 * ( CJ22^2 + CL22^2 ) ) -> 2327.5824 | CO22: =SQRT( (CG22 + CH22 + CI22)^2 + 3 * ( CK22^2 + CM22^2 ) ) -> 1151.4841 | CQ22: =MIN(Beams!$B$21:$B$22)/MAX(CN22:CP22)-1 -> 7.5926066
A23: W | B23: W40X392 | C23: W40X392 | D23: T | E23: 392 | F23: 116 | G23: 41.6 | H23: 41.625 | I23: – | J23: – | K23: – | L23: 12.4 | M23: 12.375 | N23: – | O23: – | P23: – | Q23: 1.42 | R23: 1.4375 | S23: 0.75 | T23: 2.52 | U23: 2.5 | V23: – | W23: – | X23: – | Y23: 3.7 | Z23: 3.8125 | AA23: 1.9375 | AB23: – | AC23: – | AD23: – | AE23: – | AF23: – | AG23: 2.45 | AH23: – | AI23: – | AJ23: 24.1 | AK23: – | AL23: – | AM23: 29900 | AN23: 1710 | AO23: 1440 | AP23: 16.1 | AQ23: 803 | AR23: 212 | AS23: 130 | AT23: 2.64 | AU23: – | AV23: – | AW23: – | AX23: 172 | AY23: 306000 | AZ23: – | BA23: 121 | BB23: 946 | BC23: – | BD23: – | BE23: 270 | BF23: 848 | BG23: – | BH23: – | BI23: – | BJ23: – | BK23: – | BL23: – | BM23: – | BN23: – | BO23: – | BP23: – | BQ23: – | BR23: – | BS23: – | BT23: – | BU23: – | BV23: – | BW23: 3.3 | BX23: 39.1 | BY23: 116 | BZ23: – | CA23: 128 | CB23: 95.6 | CC23: 108 | CD23: 34 | CE23: 7.5 | CF23: – | CG23: =Beams!$B$11/F23 -> 96.896552 | CH23: =Beams!$B$9/AO23 -> 7.8055556 | CI23: =Beams!$C$9/AS23 -> 86.461538 | CJ23: =Beams!$B$8*BE23/(AQ23*2*T23) -> 749.86657 | CK23: =Beams!$C$8*BF23/(AM23*Q23) -> 224.49291 | CL23: =Beams!$B$12*T23/AX23 -> 164.67907 | CM23: =Beams!$B$12*Q23/AX23 -> 92.795349 | CN23: =SQRT( (CG23 + CH23 + CI23)^2 + 3 * ( CJ23^2 + CL23^2 ) ) -> 1343.4287 | CO23: =SQRT( (CG23 + CH23 + CI23)^2 + 3 * ( CK23^2 + CM23^2 ) ) -> 462.13382 | CQ23: =MIN(Beams!$B$21:$B$22)/MAX(CN23:CP23)-1 -> 13.88728
A24: W | B24: W40X331 | C24: W40X331 | D24: T | E24: 331 | F24: 97.7 | G24: 40.8 | H24: 40.75 | I24: – | J24: – | K24: – | L24: 12.2 | M24: 12.125 | N24: – | O24: – | P24: – | Q24: 1.22 | R24: 1.25 | S24: 0.625 | T24: 2.13 | U24: 2.125 | V24: – | W24: – | X24: – | Y24: 3.31 | Z24: 3.375 | AA24: 1.8125 | AB24: – | AC24: – | AD24: – | AE24: – | AF24: – | AG24: 2.86 | AH24: – | AI24: – | AJ24: 28 | AK24: – | AL24: – | AM24: 24700 | AN24: 1430 | AO24: 1210 | AP24: 15.9 | AQ24: 644 | AR24: 172 | AS24: 106 | AT24: 2.57 | AU24: – | AV24: – | AW24: – | AX24: 105 | AY24: 241000 | AZ24: – | BA24: 118 | BB24: 766 | BC24: – | BD24: – | BE24: 226 | BF24: 706 | BG24: – | BH24: – | BI24: – | BJ24: – | BK24: – | BL24: – | BM24: – | BN24: – | BO24: – | BP24: – | BQ24: – | BR24: – | BS24: – | BT24: – | BU24: – | BV24: – | BW24: 3.21 | BX24: 38.7 | BY24: 114 | BZ24: – | CA24: 126 | CB24: 93.8 | CC24: 106 | CD24: 34 | CE24: 7.5 | CF24: – | CG24: =Beams!$B$11/F24 -> 115.04606 | CH24: =Beams!$B$9/AO24 -> 9.2892562 | CI24: =Beams!$C$9/AS24 -> 106.03774 | CJ24: =Beams!$B$8*BE24/(AQ24*2*T24) -> 925.93241 | CK24: =Beams!$C$8*BF24/(AM24*Q24) -> 263.33842 | CL24: =Beams!$B$12*T24/AX24 -> 228.01143 | CM24: =Beams!$B$12*Q24/AX24 -> 130.5981 | CN24: =SQRT( (CG24 + CH24 + CI24)^2 + 3 * ( CJ24^2 + CL24^2 ) ) -> 1667.6606 | CO24: =SQRT( (CG24 + CH24 + CI24)^2 + 3 * ( CK24^2 + CM24^2 ) ) -> 558.82082 | CQ24: =MIN(Beams!$B$21:$B$22)/MAX(CN24:CP24)-1 -> 10.992848
A25: W | B25: W40X327 | C25: W40X327 | D25: T | E25: 327 | F25: 95.9 | G25: 40.8 | H25: 40.75 | I25: – | J25: – | K25: – | L25: 12.1 | M25: 12.125 | N25: – | O25: – | P25: – | Q25: 1.18 | R25: 1.1875 | S25: 0.625 | T25: 2.13 | U25: 2.125 | V25: – | W25: – | X25: – | Y25: 3.31 | Z25: 3.375 | AA25: 1.8125 | AB25: – | AC25: – | AD25: – | AE25: – | AF25: – | AG25: 2.85 | AH25: – | AI25: – | AJ25: 29 | AK25: – | AL25: – | AM25: 24500 | AN25: 1410 | AO25: 1200 | AP25: 16 | AQ25: 640 | AR25: 170 | AS25: 105 | AT25: 2.58 | AU25: – | AV25: – | AW25: – | AX25: 103 | AY25: 239000 | AZ25: – | BA25: 117 | BB25: 754 | BC25: – | BD25: – | BE25: 225 | BF25: 695 | BG25: – | BH25: – | BI25: – | BJ25: – | BK25: – | BL25: – | BM25: – | BN25: – | BO25: – | BP25: – | BQ25: – | BR25: – | BS25: – | BT25: – | BU25: – | BV25: – | BW25: 3.21 | BX25: 38.7 | BY25: 114 | BZ25: – | CA25: 126 | CB25: 93.7 | CC25: 106 | CD25: 34 | CE25: 7.5 | CF25: – | CG25: =Beams!$B$11/F25 -> 117.20542 | CH25: =Beams!$B$9/AO25 -> 9.3666667 | CI25: =Beams!$C$9/AS25 -> 107.04762 | CJ25: =Beams!$B$8*BE25/(AQ25*2*T25) -> 927.59683 | CK25: =Beams!$C$8*BF25/(AM25*Q25) -> 270.211 | CL25: =Beams!$B$12*T25/AX25 -> 232.43883 | CM25: =Beams!$B$12*Q25/AX25 -> 128.76893 | CN25: =SQRT( (CG25 + CH25 + CI25)^2 + 3 * ( CJ25^2 + CL25^2 ) ) -> 1672.7131 | CO25: =SQRT( (CG25 + CH25 + CI25)^2 + 3 * ( CK25^2 + CM25^2 ) ) -> 568.65142 | CQ25: =MIN(Beams!$B$21:$B$22)/MAX(CN25:CP25)-1 -> 10.956623
A26: W | B26: W40X294 | C26: W40X294 | D26: F | E26: 294 | F26: 86.2 | G26: 40.4 | H26: 40.375 | I26: – | J26: – | K26: – | L26: 12 | M26: 12 | N26: – | O26: – | P26: – | Q26: 1.06 | R26: 1.0625 | S26: 0.5625 | T26: 1.93 | U26: 1.9375 | V26: – | W26: – | X26: – | Y26: 3.11 | Z26: 3.1875 | AA26: 1.75 | AB26: – | AC26: – | AD26: – | AE26: – | AF26: – | AG26: 3.11 | AH26: – | AI26: – | AJ26: 32.2 | AK26: – | AL26: – | AM26: 21900 | AN26: 1270 | AO26: 1080 | AP26: 15.9 | AQ26: 562 | AR26: 150 | AS26: 93.5 | AT26: 2.55 | AU26: – | AV26: – | AW26: – | AX26: 76.6 | AY26: 208000 | AZ26: – | BA26: 115 | BB26: 668 | BC26: – | BD26: – | BE26: 203 | BF26: 622 | BG26: – | BH26: – | BI26: – | BJ26: – | BK26: – | BL26: – | BM26: – | BN26: – | BO26: – | BP26: – | BQ26: – | BR26: – | BS26: – | BT26: – | BU26: – | BV26: – | BW26: 3.16 | BX26: 38.5 | BY26: 113 | BZ26: – | CA26: 125 | CB26: 92.8 | CC26: 105 | CD26: 34 | CE26: 7.5 | CF26: – | CG26: =Beams!$B$11/F26 -> 130.39443 | CH26: =Beams!$B$9/AO26 -> 10.407407 | CI26: =Beams!$C$9/AS26 -> 120.2139 | CJ26: =Beams!$B$8*BE26/(AQ26*2*T26) -> 1051.8135 | CK26: =Beams!$C$8*BF26/(AM26*Q26) -> 301.16654 | CL26: =Beams!$B$12*T26/AX26 -> 283.20104 | CM26: =Beams!$B$12*Q26/AX26 -> 155.54047 | CN26: =SQRT( (CG26 + CH26 + CI26)^2 + 3 * ( CJ26^2 + CL26^2 ) ) -> 1904.645 | CO26: =SQRT( (CG26 + CH26 + CI26)^2 + 3 * ( CK26^2 + CM26^2 ) ) -> 642.50415 | CQ26: =MIN(Beams!$B$21:$B$22)/MAX(CN26:CP26)-1 -> 9.5006447
A27: W | B27: W40X278 | C27: W40X278 | D27: F | E27: 278 | F27: 82.3 | G27: 40.2 | H27: 40.125 | I27: – | J27: – | K27: – | L27: 12 | M27: 12 | N27: – | O27: – | P27: – | Q27: 1.03 | R27: 1 | S27: 0.5 | T27: 1.81 | U27: 1.8125 | V27: – | W27: – | X27: – | Y27: 2.99 | Z27: 3.0625 | AA27: 1.75 | AB27: – | AC27: – | AD27: – | AE27: – | AF27: – | AG27: 3.31 | AH27: – | AI27: – | AJ27: 33.3 | AK27: – | AL27: – | AM27: 20500 | AN27: 1190 | AO27: 1020 | AP27: 15.8 | AQ27: 521 | AR27: 140 | AS27: 87.1 | AT27: 2.52 | AU27: – | AV27: – | AW27: – | AX27: 65 | AY27: 192000 | AZ27: – | BA27: 115 | BB27: 622 | BC27: – | BD27: – | BE27: 190 | BF27: 587 | BG27: – | BH27: – | BI27: – | BJ27: – | BK27: – | BL27: – | BM27: – | BN27: – | BO27: – | BP27: – | BQ27: – | BR27: – | BS27: – | BT27: – | BU27: – | BV27: – | BW27: 3.13 | BX27: 38.4 | BY27: 112 | BZ27: – | CA27: 124 | CB27: 92.4 | CC27: 104 | CD27: 34 | CE27: 7.5 | CF27: – | CG27: =Beams!$B$11/F27 -> 136.57351 | CH27: =Beams!$B$9/AO27 -> 11.019608 | CI27: =Beams!$C$9/AS27 -> 129.04707 | CJ27: =Beams!$B$8*BE27/(AQ27*2*T27) -> 1132.3316 | CK27: =Beams!$C$8*BF27/(AM27*Q27) -> 312.4736 | CL27: =Beams!$B$12*T27/AX27 -> 312.99077 | CM27: =Beams!$B$12*Q27/AX27 -> 178.11077 | CN27: =SQRT( (CG27 + CH27 + CI27)^2 + 3 * ( CJ27^2 + CL27^2 ) ) -> 2053.5199 | CO27: =SQRT( (CG27 + CH27 + CI27)^2 + 3 * ( CK27^2 + CM27^2 ) ) -> 681.62994 | CQ27: =MIN(Beams!$B$21:$B$22)/MAX(CN27:CP27)-1 -> 8.739375
A28: W | B28: W40X264 | C28: W40X264 | D28: F | E28: 264 | F28: 77.4 | G28: 40 | H28: 40 | I28: – | J28: – | K28: – | L28: 11.9 | M28: 11.875 | N28: – | O28: – | P28: – | Q28: 0.96 | R28: 0.9375 | S28: 0.5 | T28: 1.73 | U28: 1.75 | V28: – | W28: – | X28: – | Y28: 2.91 | Z28: 3 | AA28: 1.6875 | AB28: – | AC28: – | AD28: – | AE28: – | AF28: – | AG28: 3.45 | AH28: – | AI28: – | AJ28: 35.6 | AK28: – | AL28: – | AM28: 19400 | AN28: 1130 | AO28: 971 | AP28: 15.8 | AQ28: 493 | AR28: 132 | AS28: 82.6 | AT28: 2.52 | AU28: – | AV28: – | AW28: – | AX28: 56.1 | AY28: 181000 | AZ28: – | BA28: 114 | BB28: 589 | BC28: – | BD28: – | BE28: 182 | BF28: 555 | BG28: – | BH28: – | BI28: – | BJ28: – | BK28: – | BL28: – | BM28: – | BN28: – | BO28: – | BP28: – | BQ28: – | BR28: – | BS28: – | BT28: – | BU28: – | BV28: – | BW28: 3.12 | BX28: 38.3 | BY28: 112 | BZ28: – | CA28: 124 | CB28: 91.9 | CC28: 104 | CD28: 34 | CE28: 7.5 | CF28: – | CG28: =Beams!$B$11/F28 -> 145.21964 | CH28: =Beams!$B$9/AO28 -> 11.575695 | CI28: =Beams!$C$9/AS28 -> 136.07748 | CJ28: =Beams!$B$8*BE28/(AQ28*2*T28) -> 1199.2637 | CK28: =Beams!$C$8*BF28/(AM28*Q28) -> 334.9549 | CL28: =Beams!$B$12*T28/AX28 -> 346.61676 | CM28: =Beams!$B$12*Q28/AX28 -> 192.34225 | CN28: =SQRT( (CG28 + CH28 + CI28)^2 + 3 * ( CJ28^2 + CL28^2 ) ) -> 2181.9496 | CO28: =SQRT( (CG28 + CH28 + CI28)^2 + 3 * ( CK28^2 + CM28^2 ) ) -> 730.30504 | CQ28: =MIN(Beams!$B$21:$B$22)/MAX(CN28:CP28)-1 -> 8.1661145
A29: W | B29: W40X235 | C29: W40X235 | D29: F | E29: 235 | F29: 69.1 | G29: 39.7 | H29: 39.75 | I29: – | J29: – | K29: – | L29: 11.9 | M29: 11.875 | N29: – | O29: – | P29: – | Q29: 0.83 | R29: 0.8125 | S29: 0.4375 | T29: 1.58 | U29: 1.5625 | V29: – | W29: – | X29: – | Y29: 2.76 | Z29: 2.875 | AA29: 1.625 | AB29: – | AC29: – | AD29: – | AE29: – | AF29: – | AG29: 3.77 | AH29: – | AI29: – | AJ29: 41.2 | AK29: – | AL29: – | AM29: 17400 | AN29: 1010 | AO29: 875 | AP29: 15.9 | AQ29: 444 | AR29: 118 | AS29: 74.6 | AT29: 2.54 | AU29: – | AV29: – | AW29: – | AX29: 41.3 | AY29: 161000 | AZ29: – | BA29: 113 | BB29: 530 | BC29: – | BD29: – | BE29: 166 | BF29: 495 | BG29: – | BH29: – | BI29: – | BJ29: – | BK29: – | BL29: – | BM29: – | BN29: – | BO29: – | BP29: – | BQ29: – | BR29: – | BS29: – | BT29: – | BU29: – | BV29: – | BW29: 3.11 | BX29: 38.1 | BY29: 111 | BZ29: – | CA29: 123 | CB29: 91.3 | CC29: 103 | CD29: 34 | CE29: 7.5 | CF29: – | CG29: =Beams!$B$11/F29 -> 162.66281 | CH29: =Beams!$B$9/AO29 -> 12.845714 | CI29: =Beams!$C$9/AS29 -> 150.67024 | CJ29: =Beams!$B$8*BE29/(AQ29*2*T29) -> 1329.8552 | CK29: =Beams!$C$8*BF29/(AM29*Q29) -> 385.25135 | CL29: =Beams!$B$12*T29/AX29 -> 430.00484 | CM29: =Beams!$B$12*Q29/AX29 -> 225.88862 | CN29: =SQRT( (CG29 + CH29 + CI29)^2 + 3 * ( CJ29^2 + CL29^2 ) ) -> 2442.6726 | CO29: =SQRT( (CG29 + CH29 + CI29)^2 + 3 * ( CK29^2 + CM29^2 ) ) -> 839.47924 | CQ29: =MIN(Beams!$B$21:$B$22)/MAX(CN29:CP29)-1 -> 7.1877531
A30: W | B30: W40X211 | C30: W40X211 | D30: F | E30: 211 | F30: 62.1 | G30: 39.4 | H30: 39.375 | I30: – | J30: – | K30: – | L30: 11.8 | M30: 11.75 | N30: – | O30: – | P30: – | Q30: 0.75 | R30: 0.75 | S30: 0.375 | T30: 1.42 | U30: 1.4375 | V30: – | W30: – | X30: – | Y30: 2.6 | Z30: 2.6875 | AA30: 1.5625 | AB30: – | AC30: – | AD30: – | AE30: – | AF30: – | AG30: 4.17 | AH30: – | AI30: – | AJ30: 45.6 | AK30: – | AL30: – | AM30: 15500 | AN30: 906 | AO30: 786 | AP30: 15.8 | AQ30: 390 | AR30: 105 | AS30: 66.1 | AT30: 2.51 | AU30: – | AV30: – | AW30: – | AX30: 30.4 | AY30: 141000 | AZ30: – | BA30: 112 | BB30: 468 | BC30: – | BD30: – | BE30: 148 | BF30: 442 | BG30: – | BH30: – | BI30: – | BJ30: – | BK30: – | BL30: – | BM30: – | BN30: – | BO30: – | BP30: – | BQ30: – | BR30: – | BS30: – | BT30: – | BU30: – | BV30: – | BW30: 3.07 | BX30: 38 | BY30: 110 | BZ30: – | CA30: 122 | CB30: 90.6 | CC30: 102 | CD30: 34 | CE30: 7.5 | CF30: – | CG30: =Beams!$B$11/F30 -> 180.99839 | CH30: =Beams!$B$9/AO30 -> 14.300254 | CI30: =Beams!$C$9/AS30 -> 170.04539 | CJ30: =Beams!$B$8*BE30/(AQ30*2*T30) -> 1501.914 | CK30: =Beams!$C$8*BF30/(AM30*Q30) -> 427.36172 | CL30: =Beams!$B$12*T30/AX30 -> 525.02632 | CM30: =Beams!$B$12*Q30/AX30 -> 277.30263 | CN30: =SQRT( (CG30 + CH30 + CI30)^2 + 3 * ( CJ30^2 + CL30^2 ) ) -> 2779.869 | CO30: =SQRT( (CG30 + CH30 + CI30)^2 + 3 * ( CK30^2 + CM30^2 ) ) -> 955.02912 | CQ30: =MIN(Beams!$B$21:$B$22)/MAX(CN30:CP30)-1 -> 6.1945837
A31: W | B31: W40X183 | C31: W40X183 | D31: F | E31: 183 | F31: 53.3 | G31: 39 | H31: 39 | I31: – | J31: – | K31: – | L31: 11.8 | M31: 11.75 | N31: – | O31: – | P31: – | Q31: 0.65 | R31: 0.625 | S31: 0.3125 | T31: 1.2 | U31: 1.1875 | V31: – | W31: – | X31: – | Y31: 2.38 | Z31: 2.5 | AA31: 1.5625 | AB31: – | AC31: – | AD31: – | AE31: – | AF31: – | AG31: 4.92 | AH31: – | AI31: – | AJ31: 52.6 | AK31: – | AL31: – | AM31: 13200 | AN31: 774 | AO31: 675 | AP31: 15.7 | AQ31: 331 | AR31: 88.3 | AS31: 56 | AT31: 2.49 | AU31: – | AV31: – | AW31: – | AX31: 19.3 | AY31: 118000 | AZ31: – | BA31: 112 | BB31: 395 | BC31: – | BD31: – | BE31: 126 | BF31: 376 | BG31: – | BH31: – | BI31: – | BJ31: – | BK31: – | BL31: – | BM31: – | BN31: – | BO31: – | BP31: – | BQ31: – | BR31: – | BS31: – | BT31: – | BU31: – | BV31: – | BW31: 3.04 | BX31: 37.8 | BY31: 110 | BZ31: – | CA31: 122 | CB31: 89.8 | CC31: 102 | CD31: 34 | CE31: 7.5 | CF31: – | CG31: =Beams!$B$11/F31 -> 210.8818 | CH31: =Beams!$B$9/AO31 -> 16.651852 | CI31: =Beams!$C$9/AS31 -> 200.71429 | CJ31: =Beams!$B$8*BE31/(AQ31*2*T31) -> 1782.7795 | CK31: =Beams!$C$8*BF31/(AM31*Q31) -> 492.56876 | CL31: =Beams!$B$12*T31/AX31 -> 698.8601 | CM31: =Beams!$B$12*Q31/AX31 -> 378.54922 | CN31: =SQRT( (CG31 + CH31 + CI31)^2 + 3 * ( CJ31^2 + CL31^2 ) ) -> 3344.1771 | CO31: =SQRT( (CG31 + CH31 + CI31)^2 + 3 * ( CK31^2 + CM31^2 ) ) -> 1158.0876 | CQ31: =MIN(Beams!$B$21:$B$22)/MAX(CN31:CP31)-1 -> 4.9805445
A32: W | B32: W40X167 | C32: W40X167 | D32: F | E32: 167 | F32: 49.3 | G32: 38.6 | H32: 38.625 | I32: – | J32: – | K32: – | L32: 11.8 | M32: 11.75 | N32: – | O32: – | P32: – | Q32: 0.65 | R32: 0.625 | S32: 0.3125 | T32: 1.03 | U32: 1 | V32: – | W32: – | X32: – | Y32: 2.21 | Z32: 2.3125 | AA32: 1.5625 | AB32: – | AC32: – | AD32: – | AE32: – | AF32: – | AG32: 5.76 | AH32: – | AI32: – | AJ32: 52.6 | AK32: – | AL32: – | AM32: 11600 | AN32: 693 | AO32: 600 | AP32: 15.3 | AQ32: 283 | AR32: 76 | AS32: 47.9 | AT32: 2.4 | AU32: – | AV32: – | AW32: – | AX32: 14 | AY32: 99700 | AZ32: – | BA32: 111 | BB32: 336 | BC32: – | BD32: – | BE32: 107 | BF32: 336 | BG32: – | BH32: – | BI32: – | BJ32: – | BK32: – | BL32: – | BM32: – | BN32: – | BO32: – | BP32: – | BQ32: – | BR32: – | BS32: – | BT32: – | BU32: – | BV32: – | BW32: 2.98 | BX32: 37.6 | BY32: 109 | BZ32: – | CA32: 121 | CB32: 89 | CC32: 101 | CD32: 34 | CE32: 7.5 | CF32: – | CG32: =Beams!$B$11/F32 -> 227.99189 | CH32: =Beams!$B$9/AO32 -> 18.733333 | CI32: =Beams!$C$9/AS32 -> 234.65553 | CJ32: =Beams!$B$8*BE32/(AQ32*2*T32) -> 2062.9867 | CK32: =Beams!$C$8*BF32/(AM32*Q32) -> 500.88064 | CL32: =Beams!$B$12*T32/AX32 -> 826.94286 | CM32: =Beams!$B$12*Q32/AX32 -> 521.85714 | CN32: =SQRT( (CG32 + CH32 + CI32)^2 + 3 * ( CJ32^2 + CL32^2 ) ) -> 3879.5584 | CO32: =SQRT( (CG32 + CH32 + CI32)^2 + 3 * ( CK32^2 + CM32^2 ) ) -> 1342.1536 | CQ32: =MIN(Beams!$B$21:$B$22)/MAX(CN32:CP32)-1 -> 4.1552259
A33: W | B33: W40X149 | C33: W40X149 | D33: F | E33: 149 | F33: 43.8 | G33: 38.2 | H33: 38.25 | I33: – | J33: – | K33: – | L33: 11.8 | M33: 11.75 | N33: – | O33: – | P33: – | Q33: 0.63 | R33: 0.625 | S33: 0.3125 | T33: 0.83 | U33: 0.8125 | V33: – | W33: – | X33: – | Y33: 2.01 | Z33: 2.125 | AA33: 1.5 | AB33: – | AC33: – | AD33: – | AE33: – | AF33: – | AG33: 7.11 | AH33: – | AI33: – | AJ33: 54.3 | AK33: – | AL33: – | AM33: 9800 | AN33: 598 | AO33: 513 | AP33: 15 | AQ33: 229 | AR33: 62.2 | AS33: 38.8 | AT33: 2.29 | AU33: – | AV33: – | AW33: – | AX33: 9.36 | AY33: 80000 | AZ33: – | BA33: 110 | BB33: 270 | BC33: – | BD33: – | BE33: 86.7 | BF33: 288 | BG33: – | BH33: – | BI33: – | BJ33: – | BK33: – | BL33: – | BM33: – | BN33: – | BO33: – | BP33: – | BQ33: – | BR33: – | BS33: – | BT33: – | BU33: – | BV33: – | BW33: 2.89 | BX33: 37.4 | BY33: 108 | BZ33: – | CA33: 120 | CB33: 88.2 | CC33: 100 | CD33: 34 | CE33: 7.5 | CF33: – | CG33: =Beams!$B$11/F33 -> 256.621 | CH33: =Beams!$B$9/AO33 -> 21.910331 | CI33: =Beams!$C$9/AS33 -> 289.69072 | CJ33: =Beams!$B$8*BE33/(AQ33*2*T33) -> 2563.5503 | CK33: =Beams!$C$8*BF33/(AM33*Q33) -> 524.31487 | CL33: =Beams!$B$12*T33/AX33 -> 996.7094 | CM33: =Beams!$B$12*Q33/AX33 -> 756.53846 | CN33: =SQRT( (CG33 + CH33 + CI33)^2 + 3 * ( CJ33^2 + CL33^2 ) ) -> 4797.7636 | CO33: =SQRT( (CG33 + CH33 + CI33)^2 + 3 * ( CK33^2 + CM33^2 ) ) -> 1692.5265 | CQ33: =MIN(Beams!$B$21:$B$22)/MAX(CN33:CP33)-1 -> 3.1686089
A34: W | B34: W36X925 | C34: W36X925 | D34: T | E34: 925 | F34: 272 | G34: 43.1 | H34: 43.125 | I34: – | J34: – | K34: – | L34: 18.6 | M34: 18.625 | N34: – | O34: – | P34: – | Q34: 3.02 | R34: 3 | S34: 1.5 | T34: 4.53 | U34: 4.5 | V34: – | W34: – | X34: – | Y34: 5.28 | Z34: 5.375 | AA34: 2.3125 | AB34: – | AC34: – | AD34: – | AE34: – | AF34: – | AG34: 2.05 | AH34: – | AI34: – | AJ34: 10.8 | AK34: – | AL34: – | AM34: 73000 | AN34: 4130 | AO34: 3390 | AP34: 16.4 | AQ34: 4940 | AR34: 862 | AS34: 531 | AT34: 4.26 | AU34: – | AV34: – | AW34: – | AX34: 1430 | AY34: 1840000 | AZ34: – | BA34: 179 | BB34: 3780 | BC34: – | BD34: – | BE34: 681 | BF34: 2060 | BG34: – | BH34: – | BI34: – | BJ34: – | BK34: – | BL34: – | BM34: – | BN34: – | BO34: – | BP34: – | BQ34: – | BR34: – | BS34: – | BT34: – | BU34: – | BV34: – | BW34: 5.3 | BX34: 38.6 | BY34: 134 | BZ34: – | CA34: 153 | CB34: 105 | CC34: 124 | CD34: 32.375 | CE34: 7.5 | CF34: 3 | CG34: =Beams!$B$11/F34 -> 41.323529 | CH34: =Beams!$B$9/AO34 -> 3.3156342 | CI34: =Beams!$C$9/AS34 -> 21.167608 | CJ34: =Beams!$B$8*BE34/(AQ34*2*T34) -> 171.02448 | CK34: =Beams!$C$8*BF34/(AM34*Q34) -> 105.02767 | CL34: =Beams!$B$12*T34/AX34 -> 35.606434 | CM34: =Beams!$B$12*Q34/AX34 -> 23.737622 | CN34: =SQRT( (CG34 + CH34 + CI34)^2 + 3 * ( CJ34^2 + CL34^2 ) ) -> 309.64835 | CO34: =SQRT( (CG34 + CH34 + CI34)^2 + 3 * ( CK34^2 + CM34^2 ) ) -> 197.77105 | CQ34: =MIN(Beams!$B$21:$B$22)/MAX(CN34:CP34)-1 -> 63.589396
A35: W | B35: W36X853 | C35: W36X853 | D35: T | E35: 853 | F35: 251 | G35: 43.1 | H35: 43.125 | I35: – | J35: – | K35: – | L35: 18.2 | M35: 18.25 | N35: – | O35: – | P35: – | Q35: 2.52 | R35: 2.5 | S35: 1.25 | T35: 4.53 | U35: 4.5 | V35: – | W35: – | X35: – | Y35: 5.28 | Z35: 5.375 | AA35: 2.0625 | AB35: – | AC35: – | AD35: – | AE35: – | AF35: – | AG35: 2.01 | AH35: – | AI35: – | AJ35: 12.9 | AK35: – | AL35: – | AM35: 70000 | AN35: 3920 | AO35: 3250 | AP35: 16.7 | AQ35: 4600 | AR35: 805 | AS35: 505 | AT35: 4.28 | AU35: – | AV35: – | AW35: – | AX35: 1240 | AY35: 1710000 | AZ35: – | BA35: 175 | BB35: 3620 | BC35: – | BD35: – | BE35: 685 | BF35: 1950 | BG35: – | BH35: – | BI35: – | BJ35: – | BK35: – | BL35: – | BM35: – | BN35: – | BO35: – | BP35: – | BQ35: – | BR35: – | BS35: – | BT35: – | BU35: – | BV35: – | BW35: 5.22 | BX35: 38.6 | BY35: 135 | BZ35: – | CA35: 153 | CB35: 104 | CC35: 122 | CD35: 32.375 | CE35: 7.5 | CF35: 3 | CG35: =Beams!$B$11/F35 -> 44.780876 | CH35: =Beams!$B$9/AO35 -> 3.4584615 | CI35: =Beams!$C$9/AS35 -> 22.257426 | CJ35: =Beams!$B$8*BE35/(AQ35*2*T35) -> 184.74422 | CK35: =Beams!$C$8*BF35/(AM35*Q35) -> 124.2517 | CL35: =Beams!$B$12*T35/AX35 -> 41.062258 | CM35: =Beams!$B$12*Q35/AX35 -> 22.842581 | CN35: =SQRT( (CG35 + CH35 + CI35)^2 + 3 * ( CJ35^2 + CL35^2 ) ) -> 335.29002 | CO35: =SQRT( (CG35 + CH35 + CI35)^2 + 3 * ( CK35^2 + CM35^2 ) ) -> 229.89258 | CQ35: =MIN(Beams!$B$21:$B$22)/MAX(CN35:CP35)-1 -> 58.649852
A36: W | B36: W36X802 | C36: W36X802 | D36: T | E36: 802 | F36: 236 | G36: 42.6 | H36: 42.625 | I36: – | J36: – | K36: – | L36: 18 | M36: 18 | N36: – | O36: – | P36: – | Q36: 2.38 | R36: 2.375 | S36: 1.1875 | T36: 4.29 | U36: 4.3125 | V36: – | W36: – | X36: – | Y36: 5.04 | Z36: 5.125 | AA36: 2 | AB36: – | AC36: – | AD36: – | AE36: – | AF36: – | AG36: 2.1 | AH36: – | AI36: – | AJ36: 13.7 | AK36: – | AL36: – | AM36: 64800 | AN36: 3660 | AO36: 3040 | AP36: 16.6 | AQ36: 4210 | AR36: 744 | AS36: 468 | AT36: 4.22 | AU36: – | AV36: – | AW36: – | AX36: 1050 | AY36: 1540000 | AZ36: – | BA36: 172 | BB36: 3330 | BC36: – | BD36: – | BE36: 642 | BF36: 1820 | BG36: – | BH36: – | BI36: – | BJ36: – | BK36: – | BL36: – | BM36: – | BN36: – | BO36: – | BP36: – | BQ36: – | BR36: – | BS36: – | BT36: – | BU36: – | BV36: – | BW36: 5.15 | BX36: 38.3 | BY36: 133 | BZ36: – | CA36: 151 | CB36: 103 | CC36: 121 | CD36: 32.375 | CE36: 7.5 | CF36: 3 | CG36: =Beams!$B$11/F36 -> 47.627119 | CH36: =Beams!$B$9/AO36 -> 3.6973684 | CI36: =Beams!$C$9/AS36 -> 24.017094 | CJ36: =Beams!$B$8*BE36/(AQ36*2*T36) -> 199.77078 | CK36: =Beams!$C$8*BF36/(AM36*Q36) -> 132.64343 | CL36: =Beams!$B$12*T36/AX36 -> 45.923429 | CM36: =Beams!$B$12*Q36/AX36 -> 25.477333 | CN36: =SQRT( (CG36 + CH36 + CI36)^2 + 3 * ( CJ36^2 + CL36^2 ) ) -> 362.94397 | CO36: =SQRT( (CG36 + CH36 + CI36)^2 + 3 * ( CK36^2 + CM36^2 ) ) -> 245.77729 | CQ36: =MIN(Beams!$B$21:$B$22)/MAX(CN36:CP36)-1 -> 54.104924
A37: W | B37: W36X723 | C37: W36X723 | D37: T | E37: 723 | F37: 213 | G37: 41.8 | H37: 41.75 | I37: – | J37: – | K37: – | L37: 17.8 | M37: 17.75 | N37: – | O37: – | P37: – | Q37: 2.17 | R37: 2.1875 | S37: 1.125 | T37: 3.9 | U37: 3.875 | V37: – | W37: – | X37: – | Y37: 4.65 | Z37: 4.6875 | AA37: 1.875 | AB37: – | AC37: – | AD37: – | AE37: – | AF37: – | AG37: 2.28 | AH37: – | AI37: – | AJ37: 15 | AK37: – | AL37: – | AM37: 57300 | AN37: 3270 | AO37: 2740 | AP37: 16.4 | AQ37: 3700 | AR37: 658 | AS37: 416 | AT37: 4.17 | AU37: – | AV37: – | AW37: – | AX37: 785 | AY37: 1330000 | AZ37: – | BA37: 169 | BB37: 2930 | BC37: – | BD37: – | BE37: 578 | BF37: 1630 | BG37: – | BH37: – | BI37: – | BJ37: – | BK37: – | BL37: – | BM37: – | BN37: – | BO37: – | BP37: – | BQ37: – | BR37: – | BS37: – | BT37: – | BU37: – | BV37: – | BW37: 5.06 | BX37: 37.9 | BY37: 131 | BZ37: – | CA37: 149 | CB37: 101 | CC37: 119 | CD37: 32.375 | CE37: 7.5 | CF37: 3 | CG37: =Beams!$B$11/F37 -> 52.769953 | CH37: =Beams!$B$9/AO37 -> 4.1021898 | CI37: =Beams!$C$9/AS37 -> 27.019231 | CJ37: =Beams!$B$8*BE37/(AQ37*2*T37) -> 225.11157 | CK37: =Beams!$C$8*BF37/(AM37*Q37) -> 147.34641 | CL37: =Beams!$B$12*T37/AX37 -> 55.842038 | CM37: =Beams!$B$12*Q37/AX37 -> 31.071083 | CN37: =SQRT( (CG37 + CH37 + CI37)^2 + 3 * ( CJ37^2 + CL37^2 ) ) -> 410.38814 | CO37: =SQRT( (CG37 + CH37 + CI37)^2 + 3 * ( CK37^2 + CM37^2 ) ) -> 273.98338 | CQ37: =MIN(Beams!$B$21:$B$22)/MAX(CN37:CP37)-1 -> 47.734352
A38: W | B38: W36X652 | C38: W36X652 | D38: T | E38: 652 | F38: 192 | G38: 41.1 | H38: 41 | I38: – | J38: – | K38: – | L38: 17.6 | M38: 17.625 | N38: – | O38: – | P38: – | Q38: 1.97 | R38: 2 | S38: 1 | T38: 3.54 | U38: 3.5625 | V38: – | W38: – | X38: – | Y38: 4.49 | Z38: 4.8125 | AA38: 2.1875 | AB38: – | AC38: – | AD38: – | AE38: – | AF38: – | AG38: 2.48 | AH38: – | AI38: – | AJ38: 16.3 | AK38: – | AL38: – | AM38: 50600 | AN38: 2910 | AO38: 2460 | AP38: 16.2 | AQ38: 3230 | AR38: 581 | AS38: 367 | AT38: 4.1 | AU38: – | AV38: – | AW38: – | AX38: 593 | AY38: 1130000 | AZ38: – | BA38: 165 | BB38: 2560 | BC38: – | BD38: – | BE38: 518 | BF38: 1450 | BG38: – | BH38: – | BI38: – | BJ38: – | BK38: – | BL38: – | BM38: – | BN38: – | BO38: – | BP38: – | BQ38: – | BR38: – | BS38: – | BT38: – | BU38: – | BV38: – | BW38: 4.96 | BX38: 37.6 | BY38: 129 | BZ38: – | CA38: 147 | CB38: 99.8 | CC38: 117 | CD38: 31.375 | CE38: 7.5 | CF38: 3 | CG38: =Beams!$B$11/F38 -> 58.541667 | CH38: =Beams!$B$9/AO38 -> 4.5691057 | CI38: =Beams!$C$9/AS38 -> 30.626703 | CJ38: =Beams!$B$8*BE38/(AQ38*2*T38) -> 254.60111 | CK38: =Beams!$C$8*BF38/(AM38*Q38) -> 163.49993 | CL38: =Beams!$B$12*T38/AX38 -> 67.09882 | CM38: =Beams!$B$12*Q38/AX38 -> 37.340304 | CN38: =SQRT( (CG38 + CH38 + CI38)^2 + 3 * ( CJ38^2 + CL38^2 ) ) -> 465.57346 | CO38: =SQRT( (CG38 + CH38 + CI38)^2 + 3 * ( CK38^2 + CM38^2 ) ) -> 305.23154 | CQ38: =MIN(Beams!$B$21:$B$22)/MAX(CN38:CP38)-1 -> 41.957775
A39: W | B39: W36X529 | C39: W36X529 | D39: T | E39: 529 | F39: 156 | G39: 39.8 | H39: 39.75 | I39: – | J39: – | K39: – | L39: 17.2 | M39: 17.25 | N39: – | O39: – | P39: – | Q39: 1.61 | R39: 1.625 | S39: 0.8125 | T39: 2.91 | U39: 2.9375 | V39: – | W39: – | X39: – | Y39: 3.86 | Z39: 4.1875 | AA39: 2 | AB39: – | AC39: – | AD39: – | AE39: – | AF39: – | AG39: 2.96 | AH39: – | AI39: – | AJ39: 19.9 | AK39: – | AL39: – | AM39: 39600 | AN39: 2330 | AO39: 1990 | AP39: 16 | AQ39: 2490 | AR39: 454 | AS39: 289 | AT39: 4 | AU39: – | AV39: – | AW39: – | AX39: 327 | AY39: 846000 | AZ39: – | BA39: 159 | BB39: 1990 | BC39: – | BD39: – | BE39: 419 | BF39: 1160 | BG39: – | BH39: – | BI39: – | BJ39: – | BK39: – | BL39: – | BM39: – | BN39: – | BO39: – | BP39: – | BQ39: – | BR39: – | BS39: – | BT39: – | BU39: – | BV39: – | BW39: 4.8 | BX39: 36.9 | BY39: 127 | BZ39: – | CA39: 144 | CB39: 96.8 | CC39: 114 | CD39: 31.375 | CE39: 7.5 | CF39: 3 | CG39: =Beams!$B$11/F39 -> 72.051282 | CH39: =Beams!$B$9/AO39 -> 5.6482412 | CI39: =Beams!$C$9/AS39 -> 38.892734 | CJ39: =Beams!$B$8*BE39/(AQ39*2*T39) -> 324.98102 | CK39: =Beams!$C$8*BF39/(AM39*Q39) -> 204.50467 | CL39: =Beams!$B$12*T39/AX39 -> 100.02569 | CM39: =Beams!$B$12*Q39/AX39 -> 55.340673 | CN39: =SQRT( (CG39 + CH39 + CI39)^2 + 3 * ( CJ39^2 + CL39^2 ) ) -> 600.37252 | CO39: =SQRT( (CG39 + CH39 + CI39)^2 + 3 * ( CK39^2 + CM39^2 ) ) -> 385.02988 | CQ39: =MIN(Beams!$B$21:$B$22)/MAX(CN39:CP39)-1 -> 32.31265
A40: W | B40: W36X487 | C40: W36X487 | D40: T | E40: 487 | F40: 143 | G40: 39.3 | H40: 39.375 | I40: – | J40: – | K40: – | L40: 17.1 | M40: 17.125 | N40: – | O40: – | P40: – | Q40: 1.5 | R40: 1.5 | S40: 0.75 | T40: 2.68 | U40: 2.6875 | V40: – | W40: – | X40: – | Y40: 3.63 | Z40: 4 | AA40: 1.875 | AB40: – | AC40: – | AD40: – | AE40: – | AF40: – | AG40: 3.19 | AH40: – | AI40: – | AJ40: 21.4 | AK40: – | AL40: – | AM40: 36000 | AN40: 2130 | AO40: 1830 | AP40: 15.8 | AQ40: 2250 | AR40: 412 | AS40: 263 | AT40: 3.96 | AU40: – | AV40: – | AW40: – | AX40: 258 | AY40: 754000 | AZ40: – | BA40: 157 | BB40: 1800 | BC40: – | BD40: – | BE40: 383 | BF40: 1060 | BG40: – | BH40: – | BI40: – | BJ40: – | BK40: – | BL40: – | BM40: – | BN40: – | BO40: – | BP40: – | BQ40: – | BR40: – | BS40: – | BT40: – | BU40: – | BV40: – | BW40: 4.74 | BX40: 36.6 | BY40: 125 | BZ40: – | CA40: 142 | CB40: 95.7 | CC40: 113 | CD40: 31.375 | CE40: 7.5 | CF40: 3 | CG40: =Beams!$B$11/F40 -> 78.601399 | CH40: =Beams!$B$9/AO40 -> 6.1420765 | CI40: =Beams!$C$9/AS40 -> 42.737643 | CJ40: =Beams!$B$8*BE40/(AQ40*2*T40) -> 356.95854 | CK40: =Beams!$C$8*BF40/(AM40*Q40) -> 220.63704 | CL40: =Beams!$B$12*T40/AX40 -> 116.75659 | CM40: =Beams!$B$12*Q40/AX40 -> 65.348837 | CN40: =SQRT( (CG40 + CH40 + CI40)^2 + 3 * ( CJ40^2 + CL40^2 ) ) -> 662.87702 | CO40: =SQRT( (CG40 + CH40 + CI40)^2 + 3 * ( CK40^2 + CM40^2 ) ) -> 418.45544 | CQ40: =MIN(Beams!$B$21:$B$22)/MAX(CN40:CP40)-1 -> 29.171509
A41: W | B41: W36X441 | C41: W36X441 | D41: T | E41: 441 | F41: 130 | G41: 38.9 | H41: 38.875 | I41: – | J41: – | K41: – | L41: 17 | M41: 17 | N41: – | O41: – | P41: – | Q41: 1.36 | R41: 1.375 | S41: 0.6875 | T41: 2.44 | U41: 2.4375 | V41: – | W41: – | X41: – | Y41: 3.39 | Z41: 3.75 | AA41: 1.875 | AB41: – | AC41: – | AD41: – | AE41: – | AF41: – | AG41: 3.48 | AH41: – | AI41: – | AJ41: 23.6 | AK41: – | AL41: – | AM41: 32100 | AN41: 1910 | AO41: 1650 | AP41: 15.7 | AQ41: 1990 | AR41: 368 | AS41: 235 | AT41: 3.92 | AU41: – | AV41: – | AW41: – | AX41: 194 | AY41: 661000 | AZ41: – | BA41: 154 | BB41: 1600 | BC41: – | BD41: – | BE41: 347 | BF41: 950 | BG41: – | BH41: – | BI41: – | BJ41: – | BK41: – | BL41: – | BM41: – | BN41: – | BO41: – | BP41: – | BQ41: – | BR41: – | BS41: – | BT41: – | BU41: – | BV41: – | BW41: 4.69 | BX41: 36.5 | BY41: 124 | BZ41: – | CA41: 141 | CB41: 94.8 | CC41: 112 | CD41: 31.375 | CE41: 7.5 | CF41: 3 | CG41: =Beams!$B$11/F41 -> 86.461538 | CH41: =Beams!$B$9/AO41 -> 6.8121212 | CI41: =Beams!$C$9/AS41 -> 47.829787 | CJ41: =Beams!$B$8*BE41/(AQ41*2*T41) -> 401.62699 | CK41: =Beams!$C$8*BF41/(AM41*Q41) -> 244.5941 | CL41: =Beams!$B$12*T41/AX41 -> 141.36907 | CM41: =Beams!$B$12*Q41/AX41 -> 78.795876 | CN41: =SQRT( (CG41 + CH41 + CI41)^2 + 3 * ( CJ41^2 + CL41^2 ) ) -> 750.85187 | CO41: =SQRT( (CG41 + CH41 + CI41)^2 + 3 * ( CK41^2 + CM41^2 ) ) -> 466.92116 | CQ41: =MIN(Beams!$B$21:$B$22)/MAX(CN41:CP41)-1 -> 25.636412
A42: W | B42: W36X395 | C42: W36X395 | D42: T | E42: 395 | F42: 116 | G42: 38.4 | H42: 38.375 | I42: – | J42: – | K42: – | L42: 16.8 | M42: 16.875 | N42: – | O42: – | P42: – | Q42: 1.22 | R42: 1.25 | S42: 0.625 | T42: 2.2 | U42: 2.1875 | V42: – | W42: – | X42: – | Y42: 3.15 | Z42: 3.4375 | AA42: 1.8125 | AB42: – | AC42: – | AD42: – | AE42: – | AF42: – | AG42: 3.83 | AH42: – | AI42: – | AJ42: 26.3 | AK42: – | AL42: – | AM42: 28500 | AN42: 1710 | AO42: 1490 | AP42: 15.7 | AQ42: 1750 | AR42: 325 | AS42: 208 | AT42: 3.88 | AU42: – | AV42: – | AW42: – | AX42: 142 | AY42: 575000 | AZ42: – | BA42: 152 | BB42: 1410 | BC42: – | BD42: – | BE42: 311 | BF42: 847 | BG42: – | BH42: – | BI42: – | BJ42: – | BK42: – | BL42: – | BM42: – | BN42: – | BO42: – | BP42: – | BQ42: – | BR42: – | BS42: – | BT42: – | BU42: – | BV42: – | BW42: 4.61 | BX42: 36.2 | BY42: 123 | BZ42: – | CA42: 140 | CB42: 93.6 | CC42: 110 | CD42: 31.375 | CE42: 7.5 | CF42: 3 | CG42: =Beams!$B$11/F42 -> 96.896552 | CH42: =Beams!$B$9/AO42 -> 7.5436242 | CI42: =Beams!$C$9/AS42 -> 54.038462 | CJ42: =Beams!$B$8*BE42/(AQ42*2*T42) -> 453.97922 | CK42: =Beams!$C$8*BF42/(AM42*Q42) -> 273.80731 | CL42: =Beams!$B$12*T42/AX42 -> 174.14085 | CM42: =Beams!$B$12*Q42/AX42 -> 96.569014 | CN42: =SQRT( (CG42 + CH42 + CI42)^2 + 3 * ( CJ42^2 + CL42^2 ) ) -> 856.9609 | CO42: =SQRT( (CG42 + CH42 + CI42)^2 + 3 * ( CK42^2 + CM42^2 ) ) -> 527.26039 | CQ42: =MIN(Beams!$B$21:$B$22)/MAX(CN42:CP42)-1 -> 22.338288
A43: W | B43: W36X361 | C43: W36X361 | D43: T | E43: 361 | F43: 106 | G43: 38 | H43: 38 | I43: – | J43: – | K43: – | L43: 16.7 | M43: 16.75 | N43: – | O43: – | P43: – | Q43: 1.12 | R43: 1.125 | S43: 0.5625 | T43: 2.01 | U43: 2 | V43: – | W43: – | X43: – | Y43: 2.96 | Z43: 3.3125 | AA43: 1.75 | AB43: – | AC43: – | AD43: – | AE43: – | AF43: – | AG43: 4.16 | AH43: – | AI43: – | AJ43: 28.6 | AK43: – | AL43: – | AM43: 25700 | AN43: 1550 | AO43: 1350 | AP43: 15.6 | AQ43: 1570 | AR43: 293 | AS43: 188 | AT43: 3.85 | AU43: – | AV43: – | AW43: – | AX43: 109 | AY43: 509000 | AZ43: – | BA43: 150 | BB43: 1270 | BC43: – | BD43: – | BE43: 282 | BF43: 767 | BG43: – | BH43: – | BI43: – | BJ43: – | BK43: – | BL43: – | BM43: – | BN43: – | BO43: – | BP43: – | BQ43: – | BR43: – | BS43: – | BT43: – | BU43: – | BV43: – | BW43: 4.58 | BX43: 36 | BY43: 122 | BZ43: – | CA43: 139 | CB43: 92.7 | CC43: 109 | CD43: 31.375 | CE43: 7.5 | CF43: 3 | CG43: =Beams!$B$11/F43 -> 106.03774 | CH43: =Beams!$B$9/AO43 -> 8.3259259 | CI43: =Beams!$C$9/AS43 -> 59.787234 | CJ43: =Beams!$B$8*BE43/(AQ43*2*T43) -> 502.21504 | CK43: =Beams!$C$8*BF43/(AM43*Q43) -> 299.50945 | CL43: =Beams!$B$12*T43/AX43 -> 207.26972 | CM43: =Beams!$B$12*Q43/AX43 -> 115.49358 | CN43: =SQRT( (CG43 + CH43 + CI43)^2 + 3 * ( CJ43^2 + CL43^2 ) ) -> 957.01128 | CO43: =SQRT( (CG43 + CH43 + CI43)^2 + 3 * ( CK43^2 + CM43^2 ) ) -> 582.63416 | CQ43: =MIN(Beams!$B$21:$B$22)/MAX(CN43:CP43)-1 -> 19.898395
A44: W | B44: W36X330 | C44: W36X330 | D44: F | E44: 330 | F44: 96.9 | G44: 37.7 | H44: 37.625 | I44: – | J44: – | K44: – | L44: 16.6 | M44: 16.625 | N44: – | O44: – | P44: – | Q44: 1.02 | R44: 1 | S44: 0.5 | T44: 1.85 | U44: 1.875 | V44: – | W44: – | X44: – | Y44: 2.8 | Z44: 3.125 | AA44: 1.75 | AB44: – | AC44: – | AD44: – | AE44: – | AF44: – | AG44: 4.49 | AH44: – | AI44: – | AJ44: 31.4 | AK44: – | AL44: – | AM44: 23300 | AN44: 1410 | AO44: 1240 | AP44: 15.5 | AQ44: 1420 | AR44: 265 | AS44: 171 | AT44: 3.83 | AU44: – | AV44: – | AW44: – | AX44: 84.3 | AY44: 456000 | AZ44: – | BA44: 149 | BB44: 1150 | BC44: – | BD44: – | BE44: 259 | BF44: 698 | BG44: – | BH44: – | BI44: – | BJ44: – | BK44: – | BL44: – | BM44: – | BN44: – | BO44: – | BP44: – | BQ44: – | BR44: – | BS44: – | BT44: – | BU44: – | BV44: – | BW44: 4.53 | BX44: 35.9 | BY44: 121 | BZ44: – | CA44: 138 | CB44: 92 | CC44: 109 | CD44: 31.375 | CE44: 7.5 | CF44: 3 | CG44: =Beams!$B$11/F44 -> 115.99587 | CH44: =Beams!$B$9/AO44 -> 9.0645161 | CI44: =Beams!$C$9/AS44 -> 65.730994 | CJ44: =Beams!$B$8*BE44/(AQ44*2*T44) -> 554.08451 | CK44: =Beams!$C$8*BF44/(AM44*Q44) -> 330.11529 | CL44: =Beams!$B$12*T44/AX44 -> 246.66667 | CM44: =Beams!$B$12*Q44/AX44 -> 136 | CN44: =SQRT( (CG44 + CH44 + CI44)^2 + 3 * ( CJ44^2 + CL44^2 ) ) -> 1067.6908 | CO44: =SQRT( (CG44 + CH44 + CI44)^2 + 3 * ( CK44^2 + CM44^2 ) ) -> 647.16124 | CQ44: =MIN(Beams!$B$21:$B$22)/MAX(CN44:CP44)-1 -> 17.732015
A45: W | B45: W36X302 | C45: W36X302 | D45: F | E45: 302 | F45: 89 | G45: 37.3 | H45: 37.375 | I45: – | J45: – | K45: – | L45: 16.7 | M45: 16.625 | N45: – | O45: – | P45: – | Q45: 0.945 | R45: 0.9375 | S45: 0.5 | T45: 1.68 | U45: 1.6875 | V45: – | W45: – | X45: – | Y45: 2.63 | Z45: 3 | AA45: 1.6875 | AB45: – | AC45: – | AD45: – | AE45: – | AF45: – | AG45: 4.96 | AH45: – | AI45: – | AJ45: 33.9 | AK45: – | AL45: – | AM45: 21100 | AN45: 1280 | AO45: 1130 | AP45: 15.4 | AQ45: 1300 | AR45: 241 | AS45: 156 | AT45: 3.82 | AU45: – | AV45: – | AW45: – | AX45: 64.3 | AY45: 412000 | AZ45: – | BA45: 148 | BB45: 1040 | BC45: – | BD45: – | BE45: 235 | BF45: 635 | BG45: – | BH45: – | BI45: – | BJ45: – | BK45: – | BL45: – | BM45: – | BN45: – | BO45: – | BP45: – | BQ45: – | BR45: – | BS45: – | BT45: – | BU45: – | BV45: – | BW45: 4.53 | BX45: 35.6 | BY45: 121 | BZ45: – | CA45: 138 | CB45: 91.3 | CC45: 108 | CD45: 31.375 | CE45: 7.5 | CF45: 3 | CG45: =Beams!$B$11/F45 -> 126.29213 | CH45: =Beams!$B$9/AO45 -> 9.9469027 | CI45: =Beams!$C$9/AS45 -> 72.051282 | CJ45: =Beams!$B$8*BE45/(AQ45*2*T45) -> 604.71612 | CK45: =Beams!$C$8*BF45/(AM45*Q45) -> 357.95281 | CL45: =Beams!$B$12*T45/AX45 -> 293.67341 | CM45: =Beams!$B$12*Q45/AX45 -> 165.19129 | CN45: =SQRT( (CG45 + CH45 + CI45)^2 + 3 * ( CJ45^2 + CL45^2 ) ) -> 1182.8617 | CO45: =SQRT( (CG45 + CH45 + CI45)^2 + 3 * ( CK45^2 + CM45^2 ) ) -> 713.89074 | CQ45: =MIN(Beams!$B$21:$B$22)/MAX(CN45:CP45)-1 -> 15.908147
... A49: W | B49: W36X231 | C49: W36X231 | D49: F | E49: 231 | F49: 68.2 | G49: 36.5 | H49: 36.5 | I49: – | J49: – | K49: – | L49: 16.5 | M49: 16.5 | N49: – | O49: – | P49: – | Q49: 0.76 | R49: 0.75 | S49: 0.375 | T49: 1.26 | U49: 1.25 | V49: – | W49: – | X49: – | Y49: 2.21 | Z49: 2.5625 | AA49: 1.5625 | AB49: – | AC49: – | AD49: – | AE49: – | AF49: – | AG49: 6.54 | AH49: – | AI49: – | AJ49: 42.2 | AK49: – | AL49: – | AM49: 15600 | AN49: 963 | AO49: 854 | AP49: 15.1 | AQ49: 940 | AR49: 176 | AS49: 114 | AT49: 3.71 | AU49: – | AV49: – | AW49: – | AX49: 28.7 | AY49: 292000 | AZ49: – | BA49: 145 | BB49: 756 | BC49: – | BD49: – | BE49: 175 | BF49: 476 | BG49: – | BH49: – | BI49: – | BJ49: – | BK49: – | BL49: – | BM49: – | BN49: – | BO49: – | BP49: – | BQ49: – | BR49: – | BS49: – | BT49: – | BU49: – | BV49: – | BW49: 4.4 | BX49: 35.2 | BY49: 120 | BZ49: – | CA49: 136 | CB49: 89.5 | CC49: 106 | CD49: 31.375 | CE49: 7.5 | CF49: 3 | CG49: =Beams!$B$11/F49 -> 164.80938 | CH49: =Beams!$B$9/AO49 -> 13.161593 | CI49: =Beams!$C$9/AS49 -> 98.596491 | CJ49: =Beams!$B$8*BE49/(AQ49*2*T49) -> 830.37825 | CK49: =Beams!$C$8*BF49/(AM49*Q49) -> 451.26856 | CL49: =Beams!$B$12*T49/AX49 -> 493.46341 | CM49: =Beams!$B$12*Q49/AX49 -> 297.6446 | CN49: =SQRT( (CG49 + CH49 + CI49)^2 + 3 * ( CJ49^2 + CL49^2 ) ) -> 1695.7571 | CO49: =SQRT( (CG49 + CH49 + CI49)^2 + 3 * ( CK49^2 + CM49^2 ) ) -> 976.31778 | CQ49: =MIN(Beams!$B$21:$B$22)/MAX(CN49:CP49)-1 -> 10.794142
A50: W | B50: W36X387 | C50: W36X387 | D50: T | E50: 387 | F50: 114 | G50: 39.1 | H50: 39.125 | I50: – | J50: – | K50: – | L50: 12.7 | M50: 12.75 | N50: – | O50: – | P50: – | Q50: 1.42 | R50: 1.4375 | S50: 0.75 | T50: 2.56 | U50: 2.5625 | V50: – | W50: – | X50: – | Y50: 3.31 | Z50: 3.8125 | AA50: 1.9375 | AB50: – | AC50: – | AD50: – | AE50: – | AF50: – | AG50: 2.48 | AH50: – | AI50: – | AJ50: 22.9 | AK50: – | AL50: – | AM50: 26500 | AN50: 1610 | AO50: 1360 | AP50: 15.2 | AQ50: 882 | AR50: 224 | AS50: 139 | AT50: 2.78 | AU50: – | AV50: – | AW50: – | AX50: 172 | AY50: 294000 | AZ50: – | BA50: 116 | BB50: 943 | BC50: – | BD50: – | BE50: 264 | BF50: 799 | BG50: – | BH50: – | BI50: – | BJ50: – | BK50: – | BL50: – | BM50: – | BN50: – | BO50: – | BP50: – | BQ50: – | BR50: – | BS50: – | BT50: – | BU50: – | BV50: – | BW50: 3.44 | BX50: 36.5 | BY50: 112 | BZ50: – | CA50: 125 | CB50: 90.9 | CC50: 104 | CD50: 31.5 | CE50: 5.5 | CF50: – | CG50: =Beams!$B$11/F50 -> 98.596491 | CH50: =Beams!$B$9/AO50 -> 8.2647059 | CI50: =Beams!$C$9/AS50 -> 80.863309 | CJ50: =Beams!$B$8*BE50/(AQ50*2*T50) -> 657.10034 | CK50: =Beams!$C$8*BF50/(AM50*Q50) -> 238.65958 | CL50: =Beams!$B$12*T50/AX50 -> 167.29302 | CM50: =Beams!$B$12*Q50/AX50 -> 92.795349 | CN50: =SQRT( (CG50 + CH50 + CI50)^2 + 3 * ( CJ50^2 + CL50^2 ) ) -> 1189.346 | CO50: =SQRT( (CG50 + CH50 + CI50)^2 + 3 * ( CK50^2 + CM50^2 ) ) -> 481.61043 | CQ50: =MIN(Beams!$B$21:$B$22)/MAX(CN50:CP50)-1 -> 15.815964
A51: W | B51: W36X350 | C51: W36X350 | D51: T | E51: 350 | F51: 103 | G51: 38.6 | H51: 38.625 | I51: – | J51: – | K51: – | L51: 12.6 | M51: 12.625 | N51: – | O51: – | P51: – | Q51: 1.3 | R51: 1.3125 | S51: 0.6875 | T51: 2.32 | U51: 2.3125 | V51: – | W51: – | X51: – | Y51: 3.07 | Z51: 3.5625 | AA51: 1.875 | AB51: – | AC51: – | AD51: – | AE51: – | AF51: – | AG51: 2.72 | AH51: – | AI51: – | AJ51: 25 | AK51: – | AL51: – | AM51: 23600 | AN51: 1440 | AO51: 1220 | AP51: 15.1 | AQ51: 780 | AR51: 199 | AS51: 124 | AT51: 2.75 | AU51: – | AV51: – | AW51: – | AX51: 129 | AY51: 257000 | AZ51: – | BA51: 114 | BB51: 835 | BC51: – | BD51: – | BE51: 238 | BF51: 718 | BG51: – | BH51: – | BI51: – | BJ51: – | BK51: – | BL51: – | BM51: – | BN51: – | BO51: – | BP51: – | BQ51: – | BR51: – | BS51: – | BT51: – | BU51: – | BV51: – | BW51: 3.41 | BX51: 36.3 | BY51: 111 | BZ51: – | CA51: 124 | CB51: 89.8 | CC51: 102 | CD51: 31.5 | CE51: 5.5 | CF51: – | CG51: =Beams!$B$11/F51 -> 109.12621 | CH51: =Beams!$B$9/AO51 -> 9.2131148 | CI51: =Beams!$C$9/AS51 -> 90.645161 | CJ51: =Beams!$B$8*BE51/(AQ51*2*T51) -> 739.14677 | CK51: =Beams!$C$8*BF51/(AM51*Q51) -> 263.04824 | CL51: =Beams!$B$12*T51/AX51 -> 202.14574 | CM51: =Beams!$B$12*Q51/AX51 -> 113.27132 | CN51: =SQRT( (CG51 + CH51 + CI51)^2 + 3 * ( CJ51^2 + CL51^2 ) ) -> 1343.606 | CO51: =SQRT( (CG51 + CH51 + CI51)^2 + 3 * ( CK51^2 + CM51^2 ) ) -> 538.28322 | CQ51: =MIN(Beams!$B$21:$B$22)/MAX(CN51:CP51)-1 -> 13.885316
A52: W | B52: W36X318 | C52: W36X318 | D52: T | E52: 318 | F52: 93.4 | G52: 38.2 | H52: 38.25 | I52: – | J52: – | K52: – | L52: 12.4 | M52: 12.375 | N52: – | O52: – | P52: – | Q52: 1.18 | R52: 1.1875 | S52: 0.625 | T52: 2.13 | U52: 2.125 | V52: – | W52: – | X52: – | Y52: 2.88 | Z52: 3.375 | AA52: 1.8125 | AB52: – | AC52: – | AD52: – | AE52: – | AF52: – | AG52: 2.91 | AH52: – | AI52: – | AJ52: 27.5 | AK52: – | AL52: – | AM52: 21200 | AN52: 1300 | AO52: 1110 | AP52: 15.1 | AQ52: 682 | AR52: 176 | AS52: 110 | AT52: 2.7 | AU52: – | AV52: – | AW52: – | AX52: 98.3 | AY52: 222000 | AZ52: – | BA52: 112 | BB52: 738 | BC52: – | BD52: – | BE52: 216 | BF52: 646 | BG52: – | BH52: – | BI52: – | BJ52: – | BK52: – | BL52: – | BM52: – | BN52: – | BO52: – | BP52: – | BQ52: – | BR52: – | BS52: – | BT52: – | BU52: – | BV52: – | BW52: 3.33 | BX52: 36.1 | BY52: 110 | BZ52: – | CA52: 122 | CB52: 88.8 | CC52: 101 | CD52: 31.5 | CE52: 5.5 | CF52: – | CG52: =Beams!$B$11/F52 -> 120.34261 | CH52: =Beams!$B$9/AO52 -> 10.126126 | CI52: =Beams!$C$9/AS52 -> 102.18182 | CJ52: =Beams!$B$8*BE52/(AQ52*2*T52) -> 835.65322 | CK52: =Beams!$C$8*BF52/(AM52*Q52) -> 290.25584 | CL52: =Beams!$B$12*T52/AX52 -> 243.55239 | CM52: =Beams!$B$12*Q52/AX52 -> 134.92574 | CN52: =SQRT( (CG52 + CH52 + CI52)^2 + 3 * ( CJ52^2 + CL52^2 ) ) -> 1525.4601 | CO52: =SQRT( (CG52 + CH52 + CI52)^2 + 3 * ( CK52^2 + CM52^2 ) ) -> 601.23747 | CQ52: =MIN(Beams!$B$21:$B$22)/MAX(CN52:CP52)-1 -> 12.110799
A53: W | B53: W36X286 | C53: W36X286 | D53: F | E53: 286 | F53: 83.9 | G53: 37.8 | H53: 37.75 | I53: – | J53: – | K53: – | L53: 12.3 | M53: 12.25 | N53: – | O53: – | P53: – | Q53: 1.06 | R53: 1.0625 | S53: 0.5625 | T53: 1.93 | U53: 1.9375 | V53: – | W53: – | X53: – | Y53: 2.68 | Z53: 3.125 | AA53: 1.75 | AB53: – | AC53: – | AD53: – | AE53: – | AF53: – | AG53: 3.19 | AH53: – | AI53: – | AJ53: 30.6 | AK53: – | AL53: – | AM53: 18900 | AN53: 1160 | AO53: 1000 | AP53: 15 | AQ53: 602 | AR53: 156 | AS53: 97.9 | AT53: 2.68 | AU53: – | AV53: – | AW53: – | AX53: 72.8 | AY53: 194000 | AZ53: – | BA53: 110 | BB53: 655 | BC53: – | BD53: – | BE53: 195 | BF53: 578 | BG53: – | BH53: – | BI53: – | BJ53: – | BK53: – | BL53: – | BM53: – | BN53: – | BO53: – | BP53: – | BQ53: – | BR53: – | BS53: – | BT53: – | BU53: – | BV53: – | BW53: 3.29 | BX53: 35.9 | BY53: 109 | BZ53: – | CA53: 121 | CB53: 87.9 | CC53: 100 | CD53: 31.5 | CE53: 5.5 | CF53: – | CG53: =Beams!$B$11/F53 -> 133.96901 | CH53: =Beams!$B$9/AO53 -> 11.24 | CI53: =Beams!$C$9/AS53 -> 114.81103 | CJ53: =Beams!$B$8*BE53/(AQ53*2*T53) -> 943.22896 | CK53: =Beams!$C$8*BF53/(AM53*Q53) -> 324.28472 | CL53: =Beams!$B$12*T53/AX53 -> 297.98352 | CM53: =Beams!$B$12*Q53/AX53 -> 163.65934 | CN53: =SQRT( (CG53 + CH53 + CI53)^2 + 3 * ( CJ53^2 + CL53^2 ) ) -> 1732.9269 | CO53: =SQRT( (CG53 + CH53 + CI53)^2 + 3 * ( CK53^2 + CM53^2 ) ) -> 680.76816 | CQ53: =MIN(Beams!$B$21:$B$22)/MAX(CN53:CP53)-1 -> 10.541168
A54: W | B54: W36X256 | C54: W36X256 | D54: F | E54: 256 | F54: 75.3 | G54: 37.4 | H54: 37.375 | I54: – | J54: – | K54: – | L54: 12.2 | M54: 12.25 | N54: – | O54: – | P54: – | Q54: 0.96 | R54: 0.9375 | S54: 0.5 | T54: 1.73 | U54: 1.75 | V54: – | W54: – | X54: – | Y54: 2.48 | Z54: 2.9375 | AA54: 1.6875 | AB54: – | AC54: – | AD54: – | AE54: – | AF54: – | AG54: 3.53 | AH54: – | AI54: – | AJ54: 33.8 | AK54: – | AL54: – | AM54: 16800 | AN54: 1040 | AO54: 895 | AP54: 14.9 | AQ54: 528 | AR54: 137 | AS54: 86.5 | AT54: 2.65 | AU54: – | AV54: – | AW54: – | AX54: 52.9 | AY54: 168000 | AZ54: – | BA54: 109 | BB54: 576 | BC54: – | BD54: – | BE54: 174 | BF54: 516 | BG54: – | BH54: – | BI54: – | BJ54: – | BK54: – | BL54: – | BM54: – | BN54: – | BO54: – | BP54: – | BQ54: – | BR54: – | BS54: – | BT54: – | BU54: – | BV54: – | BW54: 3.24 | BX54: 35.7 | BY54: 108 | BZ54: – | CA54: 120 | CB54: 87 | CC54: 99.2 | CD54: 31.5 | CE54: 5.5 | CF54: – | CG54: =Beams!$B$11/F54 -> 149.26959 | CH54: =Beams!$B$9/AO54 -> 12.558659 | CI54: =Beams!$C$9/AS54 -> 129.9422 | CJ54: =Beams!$B$8*BE54/(AQ54*2*T54) -> 1070.5465 | CK54: =Beams!$C$8*BF54/(AM54*Q54) -> 359.6131 | CL54: =Beams!$B$12*T54/AX54 -> 367.58412 | CM54: =Beams!$B$12*Q54/AX54 -> 203.97732 | CN54: =SQRT( (CG54 + CH54 + CI54)^2 + 3 * ( CJ54^2 + CL54^2 ) ) -> 1982.0933 | CO54: =SQRT( (CG54 + CH54 + CI54)^2 + 3 * ( CK54^2 + CM54^2 ) ) -> 773.24961 | CQ54: =MIN(Beams!$B$21:$B$22)/MAX(CN54:CP54)-1 -> 9.0903425
A55: W | B55: W36X232 | C55: W36X232 | D55: F | E55: 232 | F55: 68 | G55: 37.1 | H55: 37.125 | I55: – | J55: – | K55: – | L55: 12.1 | M55: 12.125 | N55: – | O55: – | P55: – | Q55: 0.87 | R55: 0.875 | S55: 0.4375 | T55: 1.57 | U55: 1.5625 | V55: – | W55: – | X55: – | Y55: 2.32 | Z55: 2.8125 | AA55: 1.625 | AB55: – | AC55: – | AD55: – | AE55: – | AF55: – | AG55: 3.86 | AH55: – | AI55: – | AJ55: 37.3 | AK55: – | AL55: – | AM55: 15000 | AN55: 936 | AO55: 809 | AP55: 14.8 | AQ55: 468 | AR55: 122 | AS55: 77.2 | AT55: 2.62 | AU55: – | AV55: – | AW55: – | AX55: 39.6 | AY55: 148000 | AZ55: – | BA55: 108 | BB55: 512 | BC55: – | BD55: – | BE55: 157 | BF55: 464 | BG55: – | BH55: – | BI55: – | BJ55: – | BK55: – | BL55: – | BM55: – | BN55: – | BO55: – | BP55: – | BQ55: – | BR55: – | BS55: – | BT55: – | BU55: – | BV55: – | BW55: 3.21 | BX55: 35.5 | BY55: 108 | BZ55: – | CA55: 120 | CB55: 86.3 | CC55: 98.4 | CD55: 31.5 | CE55: 5.5 | CF55: – | CG55: =Beams!$B$11/F55 -> 165.29412 | CH55: =Beams!$B$9/AO55 -> 13.893696 | CI55: =Beams!$C$9/AS55 -> 145.59585 | CJ55: =Beams!$B$8*BE55/(AQ55*2*T55) -> 1200.8547 | CK55: =Beams!$C$8*BF55/(AM55*Q55) -> 399.64444 | CL55: =Beams!$B$12*T55/AX55 -> 445.62626 | CM55: =Beams!$B$12*Q55/AX55 -> 246.93939 | CN55: =SQRT( (CG55 + CH55 + CI55)^2 + 3 * ( CJ55^2 + CL55^2 ) ) -> 2242.1839 | CO55: =SQRT( (CG55 + CH55 + CI55)^2 + 3 * ( CK55^2 + CM55^2 ) ) -> 876.10996 | CQ55: =MIN(Beams!$B$21:$B$22)/MAX(CN55:CP55)-1 -> 7.9198748
A56: W | B56: W36X210 | C56: W36X210 | D56: F | E56: 210 | F56: 61.9 | G56: 36.7 | H56: 36.75 | I56: – | J56: – | K56: – | L56: 12.2 | M56: 12.125 | N56: – | O56: – | P56: – | Q56: 0.83 | R56: 0.8125 | S56: 0.4375 | T56: 1.36 | U56: 1.375 | V56: – | W56: – | X56: – | Y56: 2.11 | Z56: 2.625 | AA56: 1.625 | AB56: – | AC56: – | AD56: – | AE56: – | AF56: – | AG56: 4.48 | AH56: – | AI56: – | AJ56: 39.1 | AK56: – | AL56: – | AM56: 13200 | AN56: 833 | AO56: 719 | AP56: 14.6 | AQ56: 411 | AR56: 107 | AS56: 67.5 | AT56: 2.58 | AU56: – | AV56: – | AW56: – | AX56: 28 | AY56: 128000 | AZ56: – | BA56: 108 | BB56: 446 | BC56: – | BD56: – | BE56: 136 | BF56: 412 | BG56: – | BH56: – | BI56: – | BJ56: – | BK56: – | BL56: – | BM56: – | BN56: – | BO56: – | BP56: – | BQ56: – | BR56: – | BS56: – | BT56: – | BU56: – | BV56: – | BW56: 3.18 | BX56: 35.3 | BY56: 107 | BZ56: – | CA56: 119 | CB56: 85.6 | CC56: 97.8 | CD56: 31.5 | CE56: 5.5 | CF56: – | CG56: =Beams!$B$11/F56 -> 181.5832 | CH56: =Beams!$B$9/AO56 -> 15.632823 | CI56: =Beams!$C$9/AS56 -> 166.51852 | CJ56: =Beams!$B$8*BE56/(AQ56*2*T56) -> 1367.3966 | CK56: =Beams!$C$8*BF56/(AM56*Q56) -> 422.67981 | CL56: =Beams!$B$12*T56/AX56 -> 545.94286 | CM56: =Beams!$B$12*Q56/AX56 -> 333.18571 | CN56: =SQRT( (CG56 + CH56 + CI56)^2 + 3 * ( CJ56^2 + CL56^2 ) ) -> 2576.0015 | CO56: =SQRT( (CG56 + CH56 + CI56)^2 + 3 * ( CK56^2 + CM56^2 ) ) -> 1000.6576 | CQ56: =MIN(Beams!$B$21:$B$22)/MAX(CN56:CP56)-1 -> 6.7639705
A57: W | B57: W36X194 | C57: W36X194 | D57: F | E57: 194 | F57: 57 | G57: 36.5 | H57: 36.5 | I57: – | J57: – | K57: – | L57: 12.1 | M57: 12.125 | N57: – | O57: – | P57: – | Q57: 0.765 | R57: 0.75 | S57: 0.375 | T57: 1.26 | U57: 1.25 | V57: – | W57: – | X57: – | Y57: 2.01 | Z57: 2.5 | AA57: 1.5625 | AB57: – | AC57: – | AD57: – | AE57: – | AF57: – | AG57: 4.81 | AH57: – | AI57: – | AJ57: 42.4 | AK57: – | AL57: – | AM57: 12100 | AN57: 767 | AO57: 664 | AP57: 14.6 | AQ57: 375 | AR57: 97.7 | AS57: 61.9 | AT57: 2.56 | AU57: – | AV57: – | AW57: – | AX57: 22.2 | AY57: 116000 | AZ57: – | BA57: 107 | BB57: 407 | BC57: – | BD57: – | BE57: 126 | BF57: 379 | BG57: – | BH57: – | BI57: – | BJ57: – | BK57: – | BL57: – | BM57: – | BN57: – | BO57: – | BP57: – | BQ57: – | BR57: – | BS57: – | BT57: – | BU57: – | BV57: – | BW57: 3.15 | BX57: 35.2 | BY57: 107 | BZ57: – | CA57: 119 | CB57: 85.1 | CC57: 97.2 | CD57: 31.5 | CE57: 5.5 | CF57: – | CG57: =Beams!$B$11/F57 -> 197.19298 | CH57: =Beams!$B$9/AO57 -> 16.927711 | CI57: =Beams!$C$9/AS57 -> 181.5832 | CJ57: =Beams!$B$8*BE57/(AQ57*2*T57) -> 1498.6667 | CK57: =Beams!$C$8*BF57/(AM57*Q57) -> 460.21282 | CL57: =Beams!$B$12*T57/AX57 -> 637.94595 | CM57: =Beams!$B$12*Q57/AX57 -> 387.32432 | CN57: =SQRT( (CG57 + CH57 + CI57)^2 + 3 * ( CJ57^2 + CL57^2 ) ) -> 2848.7738 | CO57: =SQRT( (CG57 + CH57 + CI57)^2 + 3 * ( CK57^2 + CM57^2 ) ) -> 1114.4638 | CQ57: =MIN(Beams!$B$21:$B$22)/MAX(CN57:CP57)-1 -> 6.0205645
A58: W | B58: W36X182 | C58: W36X182 | D58: F | E58: 182 | F58: 53.6 | G58: 36.3 | H58: 36.375 | I58: – | J58: – | K58: – | L58: 12.1 | M58: 12.125 | N58: – | O58: – | P58: – | Q58: 0.725 | R58: 0.75 | S58: 0.375 | T58: 1.18 | U58: 1.1875 | V58: – | W58: – | X58: – | Y58: 1.93 | Z58: 2.375 | AA58: 1.5625 | AB58: – | AC58: – | AD58: – | AE58: – | AF58: – | AG58: 5.12 | AH58: – | AI58: – | AJ58: 44.8 | AK58: – | AL58: – | AM58: 11300 | AN58: 718 | AO58: 623 | AP58: 14.5 | AQ58: 347 | AR58: 90.7 | AS58: 57.6 | AT58: 2.55 | AU58: – | AV58: – | AW58: – | AX58: 18.5 | AY58: 107000 | AZ58: – | BA58: 106 | BB58: 378 | BC58: – | BD58: – | BE58: 118 | BF58: 355 | BG58: – | BH58: – | BI58: – | BJ58: – | BK58: – | BL58: – | BM58: – | BN58: – | BO58: – | BP58: – | BQ58: – | BR58: – | BS58: – | BT58: – | BU58: – | BV58: – | BW58: 3.13 | BX58: 35.1 | BY58: 106 | BZ58: – | CA58: 118 | CB58: 84.7 | CC58: 96.8 | CD58: 31.5 | CE58: 5.5 | CF58: – | CG58: =Beams!$B$11/F58 -> 209.70149 | CH58: =Beams!$B$9/AO58 -> 18.041734 | CI58: =Beams!$C$9/AS58 -> 195.13889 | CJ58: =Beams!$B$8*BE58/(AQ58*2*T58) -> 1619.5965 | CK58: =Beams!$C$8*BF58/(AM58*Q58) -> 487.05523 | CL58: =Beams!$B$12*T58/AX58 -> 716.92973 | CM58: =Beams!$B$12*Q58/AX58 -> 440.48649 | CN58: =SQRT( (CG58 + CH58 + CI58)^2 + 3 * ( CJ58^2 + CL58^2 ) ) -> 3096.7843 | CO58: =SQRT( (CG58 + CH58 + CI58)^2 + 3 * ( CK58^2 + CM58^2 ) ) -> 1213.5002 | CQ58: =MIN(Beams!$B$21:$B$22)/MAX(CN58:CP58)-1 -> 5.4583123
A59: W | B59: W36X170 | C59: W36X170 | D59: F | E59: 170 | F59: 50 | G59: 36.2 | H59: 36.125 | I59: – | J59: – | K59: – | L59: 12 | M59: 12 | N59: – | O59: – | P59: – | Q59: 0.68 | R59: 0.6875 | S59: 0.375 | T59: 1.1 | U59: 1.125 | V59: – | W59: – | X59: – | Y59: 1.85 | Z59: 2.375 | AA59: 1.5625 | AB59: – | AC59: – | AD59: – | AE59: – | AF59: – | AG59: 5.47 | AH59: – | AI59: – | AJ59: 47.7 | AK59: – | AL59: – | AM59: 10500 | AN59: 668 | AO59: 581 | AP59: 14.5 | AQ59: 320 | AR59: 83.8 | AS59: 53.2 | AT59: 2.53 | AU59: – | AV59: – | AW59: – | AX59: 15.1 | AY59: 98500 | AZ59: – | BA59: 105 | BB59: 349 | BC59: – | BD59: – | BE59: 109 | BF59: 330 | BG59: – | BH59: – | BI59: – | BJ59: – | BK59: – | BL59: – | BM59: – | BN59: – | BO59: – | BP59: – | BQ59: – | BR59: – | BS59: – | BT59: – | BU59: – | BV59: – | BW59: 3.11 | BX59: 35.1 | BY59: 106 | BZ59: – | CA59: 118 | CB59: 84.4 | CC59: 96.4 | CD59: 31.5 | CE59: 5.5 | CF59: – | CG59: =Beams!$B$11/F59 -> 224.8 | CH59: =Beams!$B$9/AO59 -> 19.345955 | CI59: =Beams!$C$9/AS59 -> 211.2782 | CJ59: =Beams!$B$8*BE59/(AQ59*2*T59) -> 1740.2841 | CK59: =Beams!$C$8*BF59/(AM59*Q59) -> 519.4958 | CL59: =Beams!$B$12*T59/AX59 -> 818.80795 | CM59: =Beams!$B$12*Q59/AX59 -> 506.17219 | CN59: =SQRT( (CG59 + CH59 + CI59)^2 + 3 * ( CJ59^2 + CL59^2 ) ) -> 3362.219 | CO59: =SQRT( (CG59 + CH59 + CI59)^2 + 3 * ( CK59^2 + CM59^2 ) ) -> 1336.2895 | CQ59: =MIN(Beams!$B$21:$B$22)/MAX(CN59:CP59)-1 -> 4.9484525
A60: W | B60: W36X160 | C60: W36X160 | D60: F | E60: 160 | F60: 47 | G60: 36 | H60: 36 | I60: – | J60: – | K60: – | L60: 12 | M60: 12 | N60: – | O60: – | P60: – | Q60: 0.65 | R60: 0.625 | S60: 0.3125 | T60: 1.02 | U60: 1 | V60: – | W60: – | X60: – | Y60: 1.77 | Z60: 2.25 | AA60: 1.5625 | AB60: – | AC60: – | AD60: – | AE60: – | AF60: – | AG60: 5.88 | AH60: – | AI60: – | AJ60: 49.9 | AK60: – | AL60: – | AM60: 9760 | AN60: 624 | AO60: 542 | AP60: 14.4 | AQ60: 295 | AR60: 77.3 | AS60: 49.1 | AT60: 2.5 | AU60: – | AV60: – | AW60: – | AX60: 12.4 | AY60: 90200 | AZ60: – | BA60: 105 | BB60: 321 | BC60: – | BD60: – | BE60: 101 | BF60: 308 | BG60: – | BH60: – | BI60: – | BJ60: – | BK60: – | BL60: – | BM60: – | BN60: – | BO60: – | BP60: – | BQ60: – | BR60: – | BS60: – | BT60: – | BU60: – | BV60: – | BW60: 3.09 | BX60: 35 | BY60: 105 | BZ60: – | CA60: 117 | CB60: 84 | CC60: 96 | CD60: 31.5 | CE60: 5.5 | CF60: – | CG60: =Beams!$B$11/F60 -> 239.14894 | CH60: =Beams!$B$9/AO60 -> 20.738007 | CI60: =Beams!$C$9/AS60 -> 228.92057 | CJ60: =Beams!$B$8*BE60/(AQ60*2*T60) -> 1886.4074 | CK60: =Beams!$C$8*BF60/(AM60*Q60) -> 545.69987 | CL60: =Beams!$B$12*T60/AX60 -> 924.58065 | CM60: =Beams!$B$12*Q60/AX60 -> 589.19355 | CN60: =SQRT( (CG60 + CH60 + CI60)^2 + 3 * ( CJ60^2 + CL60^2 ) ) -> 3671.3867 | CO60: =SQRT( (CG60 + CH60 + CI60)^2 + 3 * ( CK60^2 + CM60^2 ) ) -> 1474.3626 | CQ60: =MIN(Beams!$B$21:$B$22)/MAX(CN60:CP60)-1 -> 4.447533
A61: W | B61: W36X150 | C61: W36X150 | D61: F | E61: 150 | F61: 44.3 | G61: 35.9 | H61: 35.875 | I61: – | J61: – | K61: – | L61: 12 | M61: 12 | N61: – | O61: – | P61: – | Q61: 0.625 | R61: 0.625 | S61: 0.3125 | T61: 0.94 | U61: 0.9375 | V61: – | W61: – | X61: – | Y61: 1.69 | Z61: 2.1875 | AA61: 1.5 | AB61: – | AC61: – | AD61: – | AE61: – | AF61: – | AG61: 6.37 | AH61: – | AI61: – | AJ61: 51.9 | AK61: – | AL61: – | AM61: 9040 | AN61: 581 | AO61: 504 | AP61: 14.3 | AQ61: 270 | AR61: 70.9 | AS61: 45.1 | AT61: 2.47 | AU61: – | AV61: – | AW61: – | AX61: 10.1 | AY61: 82200 | AZ61: – | BA61: 105 | BB61: 294 | BC61: – | BD61: – | BE61: 93.1 | BF61: 287 | BG61: – | BH61: – | BI61: – | BJ61: – | BK61: – | BL61: – | BM61: – | BN61: – | BO61: – | BP61: – | BQ61: – | BR61: – | BS61: – | BT61: – | BU61: – | BV61: – | BW61: 3.06 | BX61: 35 | BY61: 105 | BZ61: – | CA61: 117 | CB61: 83.8 | CC61: 95.8 | CD61: 31.5 | CE61: 5.5 | CF61: – | CG61: =Beams!$B$11/F61 -> 253.7246 | CH61: =Beams!$B$9/AO61 -> 22.301587 | CI61: =Beams!$C$9/AS61 -> 249.22395 | CJ61: =Beams!$B$8*BE61/(AQ61*2*T61) -> 2061.5524 | CK61: =Beams!$C$8*BF61/(AM61*Q61) -> 570.95221 | CL61: =Beams!$B$12*T61/AX61 -> 1046.099 | CM61: =Beams!$B$12*Q61/AX61 -> 695.54455 | CN61: =SQRT( (CG61 + CH61 + CI61)^2 + 3 * ( CJ61^2 + CL61^2 ) ) -> 4038.422 | CO61: =SQRT( (CG61 + CH61 + CI61)^2 + 3 * ( CK61^2 + CM61^2 ) ) -> 1644.7473 | CQ61: =MIN(Beams!$B$21:$B$22)/MAX(CN61:CP61)-1 -> 3.9524295
A62: W | B62: W36X135 | C62: W36X135 | D62: F | E62: 135 | F62: 39.9 | G62: 35.6 | H62: 35.5 | I62: – | J62: – | K62: – | L62: 12 | M62: 12 | N62: – | O62: – | P62: – | Q62: 0.6 | R62: 0.625 | S62: 0.3125 | T62: 0.79 | U62: 0.8125 | V62: – | W62: – | X62: – | Y62: 1.54 | Z62: 2.0625 | AA62: 1.5 | AB62: – | AC62: – | AD62: – | AE62: – | AF62: – | AG62: 7.56 | AH62: – | AI62: – | AJ62: 54.1 | AK62: – | AL62: – | AM62: 7800 | AN62: 509 | AO62: 439 | AP62: 14 | AQ62: 225 | AR62: 59.7 | AS62: 37.7 | AT62: 2.38 | AU62: – | AV62: – | AW62: – | AX62: 7 | AY62: 68100 | AZ62: – | BA62: 104 | BB62: 245 | BC62: – | BD62: – | BE62: 77.9 | BF62: 251 | BG62: – | BH62: – | BI62: – | BJ62: – | BK62: – | BL62: – | BM62: – | BN62: – | BO62: – | BP62: – | BQ62: – | BR62: – | BS62: – | BT62: – | BU62: – | BV62: – | BW62: 2.99 | BX62: 34.8 | BY62: 105 | BZ62: – | CA62: 117 | CB62: 83.2 | CC62: 95.2 | CD62: 31.5 | CE62: 5.5 | CF62: – | CG62: =Beams!$B$11/F62 -> 281.70426 | CH62: =Beams!$B$9/AO62 -> 25.603645 | CI62: =Beams!$C$9/AS62 -> 298.14324 | CJ62: =Beams!$B$8*BE62/(AQ62*2*T62) -> 2462.9986 | CK62: =Beams!$C$8*BF62/(AM62*Q62) -> 602.82906 | CL62: =Beams!$B$12*T62/AX62 -> 1268.5143 | CM62: =Beams!$B$12*Q62/AX62 -> 963.42857 | CN62: =SQRT( (CG62 + CH62 + CI62)^2 + 3 * ( CJ62^2 + CL62^2 ) ) -> 4836.6355 | CO62: =SQRT( (CG62 + CH62 + CI62)^2 + 3 * ( CK62^2 + CM62^2 ) ) -> 2059.4571 | CQ62: =MIN(Beams!$B$21:$B$22)/MAX(CN62:CP62)-1 -> 3.1351059
A63: W | B63: W33X387 | C63: W33X387 | D63: T | E63: 387 | F63: 114 | G63: 36 | H63: 36 | I63: – | J63: – | K63: – | L63: 16.2 | M63: 16.25 | N63: – | O63: – | P63: – | Q63: 1.26 | R63: 1.25 | S63: 0.625 | T63: 2.28 | U63: 2.25 | V63: – | W63: – | X63: – | Y63: 3.07 | Z63: 3.5625 | AA63: 1.8125 | AB63: – | AC63: – | AD63: – | AE63: – | AF63: – | AG63: 3.55 | AH63: – | AI63: – | AJ63: 23.7 | AK63: – | AL63: – | AM63: 24300 | AN63: 1560 | AO63: 1350 | AP63: 14.6 | AQ63: 1620 | AR63: 312 | AS63: 200 | AT63: 3.77 | AU63: – | AV63: – | AW63: – | AX63: 148 | AY63: 459000 | AZ63: – | BA63: 137 | BB63: 1260 | BC63: – | BD63: – | BE63: 287 | BF63: 778 | BG63: – | BH63: – | BI63: – | BJ63: – | BK63: – | BL63: – | BM63: – | BN63: – | BO63: – | BP63: – | BQ63: – | BR63: – | BS63: – | BT63: – | BU63: – | BV63: – | BW63: 4.49 | BX63: 33.7 | BY63: 117 | BZ63: – | CA63: 133 | CB63: 88.2 | CC63: 104 | CD63: 28.875 | CE63: 5.5 | CF63: 3 | CG63: =Beams!$B$11/F63 -> 98.596491 | CH63: =Beams!$B$9/AO63 -> 8.3259259 | CI63: =Beams!$C$9/AS63 -> 56.2 | CJ63: =Beams!$B$8*BE63/(AQ63*2*T63) -> 436.68508 | CK63: =Beams!$C$8*BF63/(AM63*Q63) -> 285.60716 | CL63: =Beams!$B$12*T63/AX63 -> 173.15676 | CM63: =Beams!$B$12*Q63/AX63 -> 95.691892 | CN63: =SQRT( (CG63 + CH63 + CI63)^2 + 3 * ( CJ63^2 + CL63^2 ) ) -> 829.84353 | CO63: =SQRT( (CG63 + CH63 + CI63)^2 + 3 * ( CK63^2 + CM63^2 ) ) -> 546.6206 | CQ63: =MIN(Beams!$B$21:$B$22)/MAX(CN63:CP63)-1 -> 23.100929
A64: W | B64: W33X354 | C64: W33X354 | D64: T | E64: 354 | F64: 104 | G64: 35.6 | H64: 35.5 | I64: – | J64: – | K64: – | L64: 16.1 | M64: 16.125 | N64: – | O64: – | P64: – | Q64: 1.16 | R64: 1.1875 | S64: 0.625 | T64: 2.09 | U64: 2.0625 | V64: – | W64: – | X64: – | Y64: 2.88 | Z64: 3.375 | AA64: 1.8125 | AB64: – | AC64: – | AD64: – | AE64: – | AF64: – | AG64: 3.85 | AH64: – | AI64: – | AJ64: 25.7 | AK64: – | AL64: – | AM64: 22000 | AN64: 1420 | AO64: 1240 | AP64: 14.5 | AQ64: 1460 | AR64: 282 | AS64: 181 | AT64: 3.74 | AU64: – | AV64: – | AW64: – | AX64: 115 | AY64: 408000 | AZ64: – | BA64: 135 | BB64: 1130 | BC64: – | BD64: – | BE64: 262 | BF64: 707 | BG64: – | BH64: – | BI64: – | BJ64: – | BK64: – | BL64: – | BM64: – | BN64: – | BO64: – | BP64: – | BQ64: – | BR64: – | BS64: – | BT64: – | BU64: – | BV64: – | BW64: 4.44 | BX64: 33.5 | BY64: 116 | BZ64: – | CA64: 132 | CB64: 87.3 | CC64: 103 | CD64: 28.875 | CE64: 5.5 | CF64: 3 | CG64: =Beams!$B$11/F64 -> 108.07692 | CH64: =Beams!$B$9/AO64 -> 9.0645161 | CI64: =Beams!$C$9/AS64 -> 62.099448 | CJ64: =Beams!$B$8*BE64/(AQ64*2*T64) -> 482.54572 | CK64: =Beams!$C$8*BF64/(AM64*Q64) -> 311.39028 | CL64: =Beams!$B$12*T64/AX64 -> 204.27478 | CM64: =Beams!$B$12*Q64/AX64 -> 113.37739 | CN64: =SQRT( (CG64 + CH64 + CI64)^2 + 3 * ( CJ64^2 + CL64^2 ) ) -> 925.12862 | CO64: =SQRT( (CG64 + CH64 + CI64)^2 + 3 * ( CK64^2 + CM64^2 ) ) -> 601.31715 | CQ64: =MIN(Beams!$B$21:$B$22)/MAX(CN64:CP64)-1 -> 20.618616
A65: W | B65: W33X318 | C65: W33X318 | D65: F | E65: 318 | F65: 93.7 | G65: 35.2 | H65: 35.125 | I65: – | J65: – | K65: – | L65: 16 | M65: 16 | N65: – | O65: – | P65: – | Q65: 1.04 | R65: 1.0625 | S65: 0.5625 | T65: 1.89 | U65: 1.875 | V65: – | W65: – | X65: – | Y65: 2.68 | Z65: 3.1875 | AA65: 1.75 | AB65: – | AC65: – | AD65: – | AE65: – | AF65: – | AG65: 4.23 | AH65: – | AI65: – | AJ65: 28.7 | AK65: – | AL65: – | AM65: 19500 | AN65: 1270 | AO65: 1110 | AP65: 14.5 | AQ65: 1290 | AR65: 250 | AS65: 161 | AT65: 3.71 | AU65: – | AV65: – | AW65: – | AX65: 84.4 | AY65: 357000 | AZ65: – | BA65: 133 | BB65: 1010 | BC65: – | BD65: – | BE65: 235 | BF65: 632 | BG65: – | BH65: – | BI65: – | BJ65: – | BK65: – | BL65: – | BM65: – | BN65: – | BO65: – | BP65: – | BQ65: – | BR65: – | BS65: – | BT65: – | BU65: – | BV65: – | BW65: 4.4 | BX65: 33.3 | BY65: 115 | BZ65: – | CA65: 131 | CB65: 86.4 | CC65: 102 | CD65: 28.875 | CE65: 5.5 | CF65: 3 | CG65: =Beams!$B$11/F65 -> 119.95731 | CH65: =Beams!$B$9/AO65 -> 10.126126 | CI65: =Beams!$C$9/AS65 -> 69.813665 | CJ65: =Beams!$B$8*BE65/(AQ65*2*T65) -> 541.6923 | CK65: =Beams!$C$8*BF65/(AM65*Q65) -> 350.28008 | CL65: =Beams!$B$12*T65/AX65 -> 251.70142 | CM65: =Beams!$B$12*Q65/AX65 -> 138.50237 | CN65: =SQRT( (CG65 + CH65 + CI65)^2 + 3 * ( CJ65^2 + CL65^2 ) ) -> 1053.7131 | CO65: =SQRT( (CG65 + CH65 + CI65)^2 + 3 * ( CK65^2 + CM65^2 ) ) -> 682.34593 | CQ65: =MIN(Beams!$B$21:$B$22)/MAX(CN65:CP65)-1 -> 17.980498
A66: W | B66: W33X291 | C66: W33X291 | D66: F | E66: 291 | F66: 85.6 | G66: 34.8 | H66: 34.875 | I66: – | J66: – | K66: – | L66: 15.9 | M66: 15.875 | N66: – | O66: – | P66: – | Q66: 0.96 | R66: 0.9375 | S66: 0.5 | T66: 1.73 | U66: 1.75 | V66: – | W66: – | X66: – | Y66: 2.52 | Z66: 2.9375 | AA66: 1.6875 | AB66: – | AC66: – | AD66: – | AE66: – | AF66: – | AG66: 4.6 | AH66: – | AI66: – | AJ66: 31 | AK66: – | AL66: – | AM66: 17700 | AN66: 1160 | AO66: 1020 | AP66: 14.4 | AQ66: 1160 | AR66: 226 | AS66: 146 | AT66: 3.68 | AU66: – | AV66: – | AW66: – | AX66: 65.1 | AY66: 319000 | AZ66: – | BA66: 131 | BB66: 904 | BC66: – | BD66: – | BE66: 214 | BF66: 573 | BG66: – | BH66: – | BI66: – | BJ66: – | BK66: – | BL66: – | BM66: – | BN66: – | BO66: – | BP66: – | BQ66: – | BR66: – | BS66: – | BT66: – | BU66: – | BV66: – | BW66: 4.34 | BX66: 33.1 | BY66: 114 | BZ66: – | CA66: 130 | CB66: 85.5 | CC66: 101 | CD66: 28.875 | CE66: 5.5 | CF66: 3 | CG66: =Beams!$B$11/F66 -> 131.30841 | CH66: =Beams!$B$9/AO66 -> 11.019608 | CI66: =Beams!$C$9/AS66 -> 76.986301 | CJ66: =Beams!$B$8*BE66/(AQ66*2*T66) -> 599.30237 | CK66: =Beams!$C$8*BF66/(AM66*Q66) -> 379.03249 | CL66: =Beams!$B$12*T66/AX66 -> 298.69739 | CM66: =Beams!$B$12*Q66/AX66 -> 165.75115 | CN66: =SQRT( (CG66 + CH66 + CI66)^2 + 3 * ( CJ66^2 + CL66^2 ) ) -> 1180.3598 | CO66: =SQRT( (CG66 + CH66 + CI66)^2 + 3 * ( CK66^2 + CM66^2 ) ) -> 749.3437 | CQ66: =MIN(Beams!$B$21:$B$22)/MAX(CN66:CP66)-1 -> 15.943987
A67: W | B67: W33X263 | C67: W33X263 | D67: F | E67: 263 | F67: 77.4 | G67: 34.5 | H67: 34.5 | I67: – | J67: – | K67: – | L67: 15.8 | M67: 15.75 | N67: – | O67: – | P67: – | Q67: 0.87 | R67: 0.875 | S67: 0.4375 | T67: 1.57 | U67: 1.5625 | V67: – | W67: – | X67: – | Y67: 2.36 | Z67: 2.8125 | AA67: 1.625 | AB67: – | AC67: – | AD67: – | AE67: – | AF67: – | AG67: 5.03 | AH67: – | AI67: – | AJ67: 34.3 | AK67: – | AL67: – | AM67: 15900 | AN67: 1040 | AO67: 919 | AP67: 14.3 | AQ67: 1040 | AR67: 202 | AS67: 131 | AT67: 3.66 | AU67: – | AV67: – | AW67: – | AX67: 48.7 | AY67: 281000 | AZ67: – | BA67: 130 | BB67: 807 | BC67: – | BD67: – | BE67: 193 | BF67: 515 | BG67: – | BH67: – | BI67: – | BJ67: – | BK67: – | BL67: – | BM67: – | BN67: – | BO67: – | BP67: – | BQ67: – | BR67: – | BS67: – | BT67: – | BU67: – | BV67: – | BW67: 4.31 | BX67: 32.9 | BY67: 113 | BZ67: – | CA67: 129 | CB67: 84.8 | CC67: 101 | CD67: 28.875 | CE67: 5.5 | CF67: 3 | CG67: =Beams!$B$11/F67 -> 145.21964 | CH67: =Beams!$B$9/AO67 -> 12.230686 | CI67: =Beams!$C$9/AS67 -> 85.801527 | CJ67: =Beams!$B$8*BE67/(AQ67*2*T67) -> 664.29446 | CK67: =Beams!$C$8*BF67/(AM67*Q67) -> 418.4631 | CL67: =Beams!$B$12*T67/AX67 -> 362.35729 | CM67: =Beams!$B$12*Q67/AX67 -> 200.79671 | CN67: =SQRT( (CG67 + CH67 + CI67)^2 + 3 * ( CJ67^2 + CL67^2 ) ) -> 1333.0196 | CO67: =SQRT( (CG67 + CH67 + CI67)^2 + 3 * ( CK67^2 + CM67^2 ) ) -> 839.91875 | CQ67: =MIN(Beams!$B$21:$B$22)/MAX(CN67:CP67)-1 -> 14.00353
A68: W | B68: W33X241 | C68: W33X241 | D68: F | E68: 241 | F68: 71.1 | G68: 34.2 | H68: 34.125 | I68: – | J68: – | K68: – | L68: 15.9 | M68: 15.875 | N68: – | O68: – | P68: – | Q68: 0.83 | R68: 0.8125 | S68: 0.4375 | T68: 1.4 | U68: 1.375 | V68: – | W68: – | X68: – | Y68: 2.19 | Z68: 2.6875 | AA68: 1.625 | AB68: – | AC68: – | AD68: – | AE68: – | AF68: – | AG68: 5.66 | AH68: – | AI68: – | AJ68: 35.9 | AK68: – | AL68: – | AM68: 14200 | AN68: 940 | AO68: 831 | AP68: 14.1 | AQ68: 933 | AR68: 182 | AS68: 118 | AT68: 3.62 | AU68: – | AV68: – | AW68: – | AX68: 36.2 | AY68: 251000 | AZ68: – | BA68: 130 | BB68: 726 | BC68: – | BD68: – | BE68: 173 | BF68: 467 | BG68: – | BH68: – | BI68: – | BJ68: – | BK68: – | BL68: – | BM68: – | BN68: – | BO68: – | BP68: – | BQ68: – | BR68: – | BS68: – | BT68: – | BU68: – | BV68: – | BW68: 4.29 | BX68: 32.8 | BY68: 113 | BZ68: – | CA68: 129 | CB68: 84.3 | CC68: 100 | CD68: 28.875 | CE68: 5.5 | CF68: 3 | CG68: =Beams!$B$11/F68 -> 158.0872 | CH68: =Beams!$B$9/AO68 -> 13.525872 | CI68: =Beams!$C$9/AS68 -> 95.254237 | CJ68: =Beams!$B$8*BE68/(AQ68*2*T68) -> 744.34237 | CK68: =Beams!$C$8*BF68/(AM68*Q68) -> 445.36569 | CL68: =Beams!$B$12*T68/AX68 -> 434.69613 | CM68: =Beams!$B$12*Q68/AX68 -> 257.71271 | CN68: =SQRT( (CG68 + CH68 + CI68)^2 + 3 * ( CJ68^2 + CL68^2 ) ) -> 1516.6532 | CO68: =SQRT( (CG68 + CH68 + CI68)^2 + 3 * ( CK68^2 + CM68^2 ) ) -> 930.33191 | CQ68: =MIN(Beams!$B$21:$B$22)/MAX(CN68:CP68)-1 -> 12.18693
A69: W | B69: W33X221 | C69: W33X221 | D69: F | E69: 221 | F69: 65.3 | G69: 33.9 | H69: 33.875 | I69: – | J69: – | K69: – | L69: 15.8 | M69: 15.75 | N69: – | O69: – | P69: – | Q69: 0.775 | R69: 0.75 | S69: 0.375 | T69: 1.28 | U69: 1.25 | V69: – | W69: – | X69: – | Y69: 2.06 | Z69: 2.5 | AA69: 1.625 | AB69: – | AC69: – | AD69: – | AE69: – | AF69: – | AG69: 6.2 | AH69: – | AI69: – | AJ69: 38.5 | AK69: – | AL69: – | AM69: 12900 | AN69: 857 | AO69: 759 | AP69: 14.1 | AQ69: 840 | AR69: 164 | AS69: 106 | AT69: 3.59 | AU69: – | AV69: – | AW69: – | AX69: 27.8 | AY69: 224000 | AZ69: – | BA69: 129 | BB69: 647 | BC69: – | BD69: – | BE69: 156 | BF69: 423 | BG69: – | BH69: – | BI69: – | BJ69: – | BK69: – | BL69: – | BM69: – | BN69: – | BO69: – | BP69: – | BQ69: – | BR69: – | BS69: – | BT69: – | BU69: – | BV69: – | BW69: 4.25 | BX69: 32.6 | BY69: 112 | BZ69: – | CA69: 128 | CB69: 83.6 | CC69: 99.4 | CD69: 28.875 | CE69: 5.5 | CF69: 3 | CG69: =Beams!$B$11/F69 -> 172.12864 | CH69: =Beams!$B$9/AO69 -> 14.808959 | CI69: =Beams!$C$9/AS69 -> 106.03774 | CJ69: =Beams!$B$8*BE69/(AQ69*2*T69) -> 815.40179 | CK69: =Beams!$C$8*BF69/(AM69*Q69) -> 475.57089 | CL69: =Beams!$B$12*T69/AX69 -> 517.52518 | CM69: =Beams!$B$12*Q69/AX69 -> 313.34532 | CN69: =SQRT( (CG69 + CH69 + CI69)^2 + 3 * ( CJ69^2 + CL69^2 ) ) -> 1698.226 | CO69: =SQRT( (CG69 + CH69 + CI69)^2 + 3 * ( CK69^2 + CM69^2 ) ) -> 1029.0255 | CQ69: =MIN(Beams!$B$21:$B$22)/MAX(CN69:CP69)-1 -> 10.776995
A70: W | B70: W33X201 | C70: W33X201 | D70: F | E70: 201 | F70: 59.1 | G70: 33.7 | H70: 33.625 | I70: – | J70: – | K70: – | L70: 15.7 | M70: 15.75 | N70: – | O70: – | P70: – | Q70: 0.715 | R70: 0.6875 | S70: 0.375 | T70: 1.15 | U70: 1.125 | V70: – | W70: – | X70: – | Y70: 1.94 | Z70: 2.4375 | AA70: 1.5625 | AB70: – | AC70: – | AD70: – | AE70: – | AF70: – | AG70: 6.85 | AH70: – | AI70: – | AJ70: 41.7 | AK70: – | AL70: – | AM70: 11600 | AN70: 773 | AO70: 686 | AP70: 14 | AQ70: 749 | AR70: 147 | AS70: 95.2 | AT70: 3.56 | AU70: – | AV70: – | AW70: – | AX70: 20.8 | AY70: 198000 | AZ70: – | BA70: 128 | BB70: 577 | BC70: – | BD70: – | BE70: 140 | BF70: 382 | BG70: – | BH70: – | BI70: – | BJ70: – | BK70: – | BL70: – | BM70: – | BN70: – | BO70: – | BP70: – | BQ70: – | BR70: – | BS70: – | BT70: – | BU70: – | BV70: – | BW70: 4.21 | BX70: 32.6 | BY70: 111 | BZ70: – | CA70: 127 | CB70: 83.1 | CC70: 98.8 | CD70: 28.875 | CE70: 5.5 | CF70: 3 | CG70: =Beams!$B$11/F70 -> 190.18613 | CH70: =Beams!$B$9/AO70 -> 16.38484 | CI70: =Beams!$C$9/AS70 -> 118.06723 | CJ70: =Beams!$B$8*BE70/(AQ70*2*T70) -> 913.44982 | CK70: =Beams!$C$8*BF70/(AM70*Q70) -> 517.68507 | CL70: =Beams!$B$12*T70/AX70 -> 621.44231 | CM70: =Beams!$B$12*Q70/AX70 -> 386.375 | CN70: =SQRT( (CG70 + CH70 + CI70)^2 + 3 * ( CJ70^2 + CL70^2 ) ) -> 1940.9104 | CO70: =SQRT( (CG70 + CH70 + CI70)^2 + 3 * ( CK70^2 + CM70^2 ) ) -> 1165.0066 | CQ70: =MIN(Beams!$B$21:$B$22)/MAX(CN70:CP70)-1 -> 9.3044426
A71: W | B71: W33X169 | C71: W33X169 | D71: F | E71: 169 | F71: 49.5 | G71: 33.8 | H71: 33.875 | I71: – | J71: – | K71: – | L71: 11.5 | M71: 11.5 | N71: – | O71: – | P71: – | Q71: 0.67 | R71: 0.6875 | S71: 0.375 | T71: 1.22 | U71: 1.25 | V71: – | W71: – | X71: – | Y71: 1.92 | Z71: 2.4375 | AA71: 1.5625 | AB71: – | AC71: – | AD71: – | AE71: – | AF71: – | AG71: 4.71 | AH71: – | AI71: – | AJ71: 44.7 | AK71: – | AL71: – | AM71: 9290 | AN71: 629 | AO71: 549 | AP71: 13.7 | AQ71: 310 | AR71: 84.4 | AS71: 53.9 | AT71: 2.5 | AU71: – | AV71: – | AW71: – | AX71: 17.7 | AY71: 82400 | AZ71: – | BA71: 93.7 | BB71: 329 | BC71: – | BD71: – | BE71: 108 | BF71: 311 | BG71: – | BH71: – | BI71: – | BJ71: – | BK71: – | BL71: – | BM71: – | BN71: – | BO71: – | BP71: – | BQ71: – | BR71: – | BS71: – | BT71: – | BU71: – | BV71: – | BW71: 3.03 | BX71: 32.6 | BY71: 99.5 | BZ71: – | CA71: 111 | CB71: 79.1 | CC71: 90.6 | CD71: 28.875 | CE71: 5.5 | CF71: – | CG71: =Beams!$B$11/F71 -> 227.07071 | CH71: =Beams!$B$9/AO71 -> 20.473588 | CI71: =Beams!$C$9/AS71 -> 208.53432 | CJ71: =Beams!$B$8*BE71/(AQ71*2*T71) -> 1604.8652 | CK71: =Beams!$C$8*BF71/(AM71*Q71) -> 561.61175 | CL71: =Beams!$B$12*T71/AX71 -> 774.73446 | CM71: =Beams!$B$12*Q71/AX71 -> 425.46893 | CN71: =SQRT( (CG71 + CH71 + CI71)^2 + 3 * ( CJ71^2 + CL71^2 ) ) -> 3120.1642 | CO71: =SQRT( (CG71 + CH71 + CI71)^2 + 3 * ( CK71^2 + CM71^2 ) ) -> 1302.8056 | CQ71: =MIN(Beams!$B$21:$B$22)/MAX(CN71:CP71)-1 -> 5.4099191
A72: W | B72: W33X152 | C72: W33X152 | D72: F | E72: 152 | F72: 44.9 | G72: 33.5 | H72: 33.5 | I72: – | J72: – | K72: – | L72: 11.6 | M72: 11.625 | N72: – | O72: – | P72: – | Q72: 0.635 | R72: 0.625 | S72: 0.3125 | T72: 1.06 | U72: 1.0625 | V72: – | W72: – | X72: – | Y72: 1.76 | Z72: 2.3125 | AA72: 1.5 | AB72: – | AC72: – | AD72: – | AE72: – | AF72: – | AG72: 5.48 | AH72: – | AI72: – | AJ72: 47.2 | AK72: – | AL72: – | AM72: 8160 | AN72: 559 | AO72: 487 | AP72: 13.5 | AQ72: 273 | AR72: 73.9 | AS72: 47.2 | AT72: 2.47 | AU72: – | AV72: – | AW72: – | AX72: 12.4 | AY72: 71700 | AZ72: – | BA72: 94.1 | BB72: 289 | BC72: – | BD72: – | BE72: 94.3 | BF72: 278 | BG72: – | BH72: – | BI72: – | BJ72: – | BK72: – | BL72: – | BM72: – | BN72: – | BO72: – | BP72: – | BQ72: – | BR72: – | BS72: – | BT72: – | BU72: – | BV72: – | BW72: 3.01 | BX72: 32.4 | BY72: 99.4 | BZ72: – | CA72: 111 | CB72: 78.6 | CC72: 90.2 | CD72: 28.875 | CE72: 5.5 | CF72: – | CG72: =Beams!$B$11/F72 -> 250.33408 | CH72: =Beams!$B$9/AO72 -> 23.080082 | CI72: =Beams!$C$9/AS72 -> 238.13559 | CJ72: =Beams!$B$8*BE72/(AQ72*2*T72) -> 1831.3843 | CK72: =Beams!$C$8*BF72/(AM72*Q72) -> 603.04153 | CL72: =Beams!$B$12*T72/AX72 -> 960.83871 | CM72: =Beams!$B$12*Q72/AX72 -> 575.59677 | CN72: =SQRT( (CG72 + CH72 + CI72)^2 + 3 * ( CJ72^2 + CL72^2 ) ) -> 3618.4558 | CO72: =SQRT( (CG72 + CH72 + CI72)^2 + 3 * ( CK72^2 + CM72^2 ) ) -> 1531.8601 | CQ72: =MIN(Beams!$B$21:$B$22)/MAX(CN72:CP72)-1 -> 4.5272197
A73: W | B73: W33X141 | C73: W33X141 | D73: F | E73: 141 | F73: 41.5 | G73: 33.3 | H73: 33.25 | I73: – | J73: – | K73: – | L73: 11.5 | M73: 11.5 | N73: – | O73: – | P73: – | Q73: 0.605 | R73: 0.625 | S73: 0.3125 | T73: 0.96 | U73: 0.9375 | V73: – | W73: – | X73: – | Y73: 1.66 | Z73: 2.1875 | AA73: 1.5 | AB73: – | AC73: – | AD73: – | AE73: – | AF73: – | AG73: 6.01 | AH73: – | AI73: – | AJ73: 49.6 | AK73: – | AL73: – | AM73: 7450 | AN73: 514 | AO73: 448 | AP73: 13.4 | AQ73: 246 | AR73: 66.9 | AS73: 42.7 | AT73: 2.43 | AU73: – | AV73: – | AW73: – | AX73: 9.7 | AY73: 64400 | AZ73: – | BA73: 93 | BB73: 257 | BC73: – | BD73: – | BE73: 84.6 | BF73: 253 | BG73: – | BH73: – | BI73: – | BJ73: – | BK73: – | BL73: – | BM73: – | BN73: – | BO73: – | BP73: – | BQ73: – | BR73: – | BS73: – | BT73: – | BU73: – | BV73: – | BW73: 2.98 | BX73: 32.3 | BY73: 98.5 | BZ73: – | CA73: 110 | CB73: 78.1 | CC73: 89.6 | CD73: 28.875 | CE73: 5.5 | CF73: – | CG73: =Beams!$B$11/F73 -> 270.84337 | CH73: =Beams!$B$9/AO73 -> 25.089286 | CI73: =Beams!$C$9/AS73 -> 263.23185 | CJ73: =Beams!$B$8*BE73/(AQ73*2*T73) -> 2013.2622 | CK73: =Beams!$C$8*BF73/(AM73*Q73) -> 630.92129 | CL73: =Beams!$B$12*T73/AX73 -> 1112.4124 | CM73: =Beams!$B$12*Q73/AX73 -> 701.05155 | CN73: =SQRT( (CG73 + CH73 + CI73)^2 + 3 * ( CJ73^2 + CL73^2 ) ) -> 4023.0241 | CO73: =SQRT( (CG73 + CH73 + CI73)^2 + 3 * ( CK73^2 + CM73^2 ) ) -> 1726.6354 | CQ73: =MIN(Beams!$B$21:$B$22)/MAX(CN73:CP73)-1 -> 3.9713846
A74: W | B74: W33X130 | C74: W33X130 | D74: F | E74: 130 | F74: 38.3 | G74: 33.1 | H74: 33.125 | I74: – | J74: – | K74: – | L74: 11.5 | M74: 11.5 | N74: – | O74: – | P74: – | Q74: 0.58 | R74: 0.5625 | S74: 0.3125 | T74: 0.855 | U74: 0.875 | V74: – | W74: – | X74: – | Y74: 1.56 | Z74: 2.125 | AA74: 1.5 | AB74: – | AC74: – | AD74: – | AE74: – | AF74: – | AG74: 6.73 | AH74: – | AI74: – | AJ74: 51.7 | AK74: – | AL74: – | AM74: 6710 | AN74: 467 | AO74: 406 | AP74: 13.2 | AQ74: 218 | AR74: 59.5 | AS74: 37.9 | AT74: 2.39 | AU74: – | AV74: – | AW74: – | AX74: 7.37 | AY74: 56600 | AZ74: – | BA74: 92.7 | BB74: 228 | BC74: – | BD74: – | BE74: 75.3 | BF74: 230 | BG74: – | BH74: – | BI74: – | BJ74: – | BK74: – | BL74: – | BM74: – | BN74: – | BO74: – | BP74: – | BQ74: – | BR74: – | BS74: – | BT74: – | BU74: – | BV74: – | BW74: 2.94 | BX74: 32.2 | BY74: 98.5 | BZ74: – | CA74: 110 | CB74: 77.7 | CC74: 89.2 | CD74: 28.875 | CE74: 5.5 | CF74: – | CG74: =Beams!$B$11/F74 -> 293.47258 | CH74: =Beams!$B$9/AO74 -> 27.684729 | CI74: =Beams!$C$9/AS74 -> 296.56992 | CJ74: =Beams!$B$8*BE74/(AQ74*2*T74) -> 2270.433 | CK74: =Beams!$C$8*BF74/(AM74*Q74) -> 664.26846 | CL74: =Beams!$B$12*T74/AX74 -> 1303.962 | CM74: =Beams!$B$12*Q74/AX74 -> 884.55902 | CN74: =SQRT( (CG74 + CH74 + CI74)^2 + 3 * ( CJ74^2 + CL74^2 ) ) -> 4576.804 | CO74: =SQRT( (CG74 + CH74 + CI74)^2 + 3 * ( CK74^2 + CM74^2 ) ) -> 2013.1266 | CQ74: =MIN(Beams!$B$21:$B$22)/MAX(CN74:CP74)-1 -> 3.3698616
A75: W | B75: W33X118 | C75: W33X118 | D75: F | E75: 118 | F75: 34.7 | G75: 32.9 | H75: 32.875 | I75: – | J75: – | K75: – | L75: 11.5 | M75: 11.5 | N75: – | O75: – | P75: – | Q75: 0.55 | R75: 0.5625 | S75: 0.3125 | T75: 0.74 | U75: 0.75 | V75: – | W75: – | X75: – | Y75: 1.44 | Z75: 2 | AA75: 1.5 | AB75: – | AC75: – | AD75: – | AE75: – | AF75: – | AG75: 7.76 | AH75: – | AI75: – | AJ75: 54.5 | AK75: – | AL75: – | AM75: 5900 | AN75: 415 | AO75: 359 | AP75: 13 | AQ75: 187 | AR75: 51.3 | AS75: 32.6 | AT75: 2.32 | AU75: – | AV75: – | AW75: – | AX75: 5.3 | AY75: 48300 | AZ75: – | BA75: 92.5 | BB75: 197 | BC75: – | BD75: – | BE75: 65.1 | BF75: 205 | BG75: – | BH75: – | BI75: – | BJ75: – | BK75: – | BL75: – | BM75: – | BN75: – | BO75: – | BP75: – | BQ75: – | BR75: – | BS75: – | BT75: – | BU75: – | BV75: – | BW75: 2.89 | BX75: 32.2 | BY75: 97.5 | BZ75: – | CA75: 109 | CB75: 77.3 | CC75: 88.8 | CD75: 28.875 | CE75: 5.5 | CF75: – | CG75: =Beams!$B$11/F75 -> 323.91931 | CH75: =Beams!$B$9/AO75 -> 31.309192 | CI75: =Beams!$C$9/AS75 -> 344.78528 | CJ75: =Beams!$B$8*BE75/(AQ75*2*T75) -> 2643.8936 | CK75: =Beams!$C$8*BF75/(AM75*Q75) -> 710.07704 | CL75: =Beams!$B$12*T75/AX75 -> 1569.3585 | CM75: =Beams!$B$12*Q75/AX75 -> 1166.4151 | CN75: =SQRT( (CG75 + CH75 + CI75)^2 + 3 * ( CJ75^2 + CL75^2 ) ) -> 5371.1449 | CO75: =SQRT( (CG75 + CH75 + CI75)^2 + 3 * ( CK75^2 + CM75^2 ) ) -> 2466.6212 | CQ75: =MIN(Beams!$B$21:$B$22)/MAX(CN75:CP75)-1 -> 2.7236009
A76: W | B76: W30X391 | C76: W30X391 | D76: T | E76: 391 | F76: 115 | G76: 33.2 | H76: 33.25 | I76: – | J76: – | K76: – | L76: 15.6 | M76: 15.625 | N76: – | O76: – | P76: – | Q76: 1.36 | R76: 1.375 | S76: 0.6875 | T76: 2.44 | U76: 2.4375 | V76: – | W76: – | X76: – | Y76: 3.23 | Z76: 3.75 | AA76: 1.875 | AB76: – | AC76: – | AD76: – | AE76: – | AF76: – | AG76: 3.19 | AH76: – | AI76: – | AJ76: 19.7 | AK76: – | AL76: – | AM76: 20700 | AN76: 1450 | AO76: 1250 | AP76: 13.4 | AQ76: 1550 | AR76: 310 | AS76: 198 | AT76: 3.67 | AU76: – | AV76: – | AW76: – | AX76: 173 | AY76: 366000 | AZ76: – | BA76: 120 | BB76: 1140 | BC76: – | BD76: – | BE76: 267 | BF76: 722 | BG76: – | BH76: – | BI76: – | BJ76: – | BK76: – | BL76: – | BM76: – | BN76: – | BO76: – | BP76: – | BQ76: – | BR76: – | BS76: – | BT76: – | BU76: – | BV76: – | BW76: 4.37 | BX76: 30.8 | BY76: 109 | BZ76: – | CA76: 125 | CB76: 82 | CC76: 97.6 | CD76: 25.75 | CE76: 5.5 | CF76: 3 | CG76: =Beams!$B$11/F76 -> 97.73913 | CH76: =Beams!$B$9/AO76 -> 8.992 | CI76: =Beams!$C$9/AS76 -> 56.767677 | CJ76: =Beams!$B$8*BE76/(AQ76*2*T76) -> 396.75833 | CK76: =Beams!$C$8*BF76/(AM76*Q76) -> 288.26655 | CL76: =Beams!$B$12*T76/AX76 -> 158.52948 | CM76: =Beams!$B$12*Q76/AX76 -> 88.360694 | CN76: =SQRT( (CG76 + CH76 + CI76)^2 + 3 * ( CJ76^2 + CL76^2 ) ) -> 757.87741 | CO76: =SQRT( (CG76 + CH76 + CI76)^2 + 3 * ( CK76^2 + CM76^2 ) ) -> 547.21798 | CQ76: =MIN(Beams!$B$21:$B$22)/MAX(CN76:CP76)-1 -> 25.389492
A77: W | B77: W30X357 | C77: W30X357 | D77: T | E77: 357 | F77: 105 | G77: 32.8 | H77: 32.75 | I77: – | J77: – | K77: – | L77: 15.5 | M77: 15.5 | N77: – | O77: – | P77: – | Q77: 1.24 | R77: 1.25 | S77: 0.625 | T77: 2.24 | U77: 2.25 | V77: – | W77: – | X77: – | Y77: 3.03 | Z77: 3.5 | AA77: 1.8125 | AB77: – | AC77: – | AD77: – | AE77: – | AF77: – | AG77: 3.45 | AH77: – | AI77: – | AJ77: 21.6 | AK77: – | AL77: – | AM77: 18700 | AN77: 1320 | AO77: 1140 | AP77: 13.3 | AQ77: 1390 | AR77: 279 | AS77: 179 | AT77: 3.64 | AU77: – | AV77: – | AW77: – | AX77: 134 | AY77: 324000 | AZ77: – | BA77: 118 | BB77: 1030 | BC77: – | BD77: – | BE77: 244 | BF77: 655 | BG77: – | BH77: – | BI77: – | BJ77: – | BK77: – | BL77: – | BM77: – | BN77: – | BO77: – | BP77: – | BQ77: – | BR77: – | BS77: – | BT77: – | BU77: – | BV77: – | BW77: 4.31 | BX77: 30.6 | BY77: 108 | BZ77: – | CA77: 124 | CB77: 81.1 | CC77: 96.6 | CD77: 25.75 | CE77: 5.5 | CF77: 3 | CG77: =Beams!$B$11/F77 -> 107.04762 | CH77: =Beams!$B$9/AO77 -> 9.8596491 | CI77: =Beams!$C$9/AS77 -> 62.793296 | CJ77: =Beams!$B$8*BE77/(AQ77*2*T77) -> 440.41624 | CK77: =Beams!$C$8*BF77/(AM77*Q77) -> 317.50043 | CL77: =Beams!$B$12*T77/AX77 -> 187.89254 | CM77: =Beams!$B$12*Q77/AX77 -> 104.01194 | CN77: =SQRT( (CG77 + CH77 + CI77)^2 + 3 * ( CJ77^2 + CL77^2 ) ) -> 848.58853 | CO77: =SQRT( (CG77 + CH77 + CI77)^2 + 3 * ( CK77^2 + CM77^2 ) ) -> 605.94333 | CQ77: =MIN(Beams!$B$21:$B$22)/MAX(CN77:CP77)-1 -> 22.568548
A78: W | B78: W30X326 | C78: W30X326 | D78: T | E78: 326 | F78: 95.9 | G78: 32.4 | H78: 32.375 | I78: – | J78: – | K78: – | L78: 15.4 | M78: 15.375 | N78: – | O78: – | P78: – | Q78: 1.14 | R78: 1.125 | S78: 0.5625 | T78: 2.05 | U78: 2.0625 | V78: – | W78: – | X78: – | Y78: 2.84 | Z78: 3.3125 | AA78: 1.75 | AB78: – | AC78: – | AD78: – | AE78: – | AF78: – | AG78: 3.75 | AH78: – | AI78: – | AJ78: 23.4 | AK78: – | AL78: – | AM78: 16800 | AN78: 1190 | AO78: 1040 | AP78: 13.2 | AQ78: 1240 | AR78: 252 | AS78: 162 | AT78: 3.6 | AU78: – | AV78: – | AW78: – | AX78: 103 | AY78: 287000 | AZ78: – | BA78: 117 | BB78: 922 | BC78: – | BD78: – | BE78: 222 | BF78: 593 | BG78: – | BH78: – | BI78: – | BJ78: – | BK78: – | BL78: – | BM78: – | BN78: – | BO78: – | BP78: – | BQ78: – | BR78: – | BS78: – | BT78: – | BU78: – | BV78: – | BW78: 4.26 | BX78: 30.4 | BY78: 108 | BZ78: – | CA78: 123 | CB78: 80.2 | CC78: 95.6 | CD78: 25.75 | CE78: 5.5 | CF78: 3 | CG78: =Beams!$B$11/F78 -> 117.20542 | CH78: =Beams!$B$9/AO78 -> 10.807692 | CI78: =Beams!$C$9/AS78 -> 69.382716 | CJ78: =Beams!$B$8*BE78/(AQ78*2*T78) -> 490.81039 | CK78: =Beams!$C$8*BF78/(AM78*Q78) -> 348.02214 | CL78: =Beams!$B$12*T78/AX78 -> 223.70874 | CM78: =Beams!$B$12*Q78/AX78 -> 124.40388 | CN78: =SQRT( (CG78 + CH78 + CI78)^2 + 3 * ( CJ78^2 + CL78^2 ) ) -> 954.87508 | CO78: =SQRT( (CG78 + CH78 + CI78)^2 + 3 * ( CK78^2 + CM78^2 ) ) -> 669.88978 | CQ78: =MIN(Beams!$B$21:$B$22)/MAX(CN78:CP78)-1 -> 19.945148
A79: W | B79: W30X292 | C79: W30X292 | D79: F | E79: 292 | F79: 86 | G79: 32 | H79: 32 | I79: – | J79: – | K79: – | L79: 15.3 | M79: 15.25 | N79: – | O79: – | P79: – | Q79: 1.02 | R79: 1 | S79: 0.5 | T79: 1.85 | U79: 1.875 | V79: – | W79: – | X79: – | Y79: 2.64 | Z79: 3.125 | AA79: 1.75 | AB79: – | AC79: – | AD79: – | AE79: – | AF79: – | AG79: 4.12 | AH79: – | AI79: – | AJ79: 26.2 | AK79: – | AL79: – | AM79: 14900 | AN79: 1060 | AO79: 930 | AP79: 13.2 | AQ79: 1100 | AR79: 223 | AS79: 144 | AT79: 3.58 | AU79: – | AV79: – | AW79: – | AX79: 75.2 | AY79: 250000 | AZ79: – | BA79: 115 | BB79: 816 | BC79: – | BD79: – | BE79: 199 | BF79: 529 | BG79: – | BH79: – | BI79: – | BJ79: – | BK79: – | BL79: – | BM79: – | BN79: – | BO79: – | BP79: – | BQ79: – | BR79: – | BS79: – | BT79: – | BU79: – | BV79: – | BW79: 4.22 | BX79: 30.2 | BY79: 107 | BZ79: – | CA79: 122 | CB79: 79.3 | CC79: 94.6 | CD79: 25.75 | CE79: 5.5 | CF79: 3 | CG79: =Beams!$B$11/F79 -> 130.69767 | CH79: =Beams!$B$9/AO79 -> 12.086022 | CI79: =Beams!$C$9/AS79 -> 78.055556 | CJ79: =Beams!$B$8*BE79/(AQ79*2*T79) -> 549.57248 | CK79: =Beams!$C$8*BF79/(AM79*Q79) -> 391.23306 | CL79: =Beams!$B$12*T79/AX79 -> 276.51596 | CM79: =Beams!$B$12*Q79/AX79 -> 152.45745 | CN79: =SQRT( (CG79 + CH79 + CI79)^2 + 3 * ( CJ79^2 + CL79^2 ) ) -> 1088.2293 | CO79: =SQRT( (CG79 + CH79 + CI79)^2 + 3 * ( CK79^2 + CM79^2 ) ) -> 760.05902 | CQ79: =MIN(Beams!$B$21:$B$22)/MAX(CN79:CP79)-1 -> 17.37848
A80: W | B80: W30X261 | C80: W30X261 | D80: F | E80: 261 | F80: 77 | G80: 31.6 | H80: 31.625 | I80: – | J80: – | K80: – | L80: 15.2 | M80: 15.125 | N80: – | O80: – | P80: – | Q80: 0.93 | R80: 0.9375 | S80: 0.5 | T80: 1.65 | U80: 1.625 | V80: – | W80: – | X80: – | Y80: 2.44 | Z80: 2.9375 | AA80: 1.6875 | AB80: – | AC80: – | AD80: – | AE80: – | AF80: – | AG80: 4.59 | AH80: – | AI80: – | AJ80: 28.7 | AK80: – | AL80: – | AM80: 13100 | AN80: 943 | AO80: 829 | AP80: 13.1 | AQ80: 959 | AR80: 196 | AS80: 127 | AT80: 3.53 | AU80: – | AV80: – | AW80: – | AX80: 54.1 | AY80: 215000 | AZ80: – | BA80: 114 | BB80: 714 | BC80: – | BD80: – | BE80: 176 | BF80: 469 | BG80: – | BH80: – | BI80: – | BJ80: – | BK80: – | BL80: – | BM80: – | BN80: – | BO80: – | BP80: – | BQ80: – | BR80: – | BS80: – | BT80: – | BU80: – | BV80: – | BW80: 4.16 | BX80: 30 | BY80: 106 | BZ80: – | CA80: 121 | CB80: 78.4 | CC80: 93.6 | CD80: 25.75 | CE80: 5.5 | CF80: 3 | CG80: =Beams!$B$11/F80 -> 145.97403 | CH80: =Beams!$B$9/AO80 -> 13.558504 | CI80: =Beams!$C$9/AS80 -> 88.503937 | CJ80: =Beams!$B$8*BE80/(AQ80*2*T80) -> 625.09559 | CK80: =Beams!$C$8*BF80/(AM80*Q80) -> 432.69802 | CL80: =Beams!$B$12*T80/AX80 -> 342.80961 | CM80: =Beams!$B$12*Q80/AX80 -> 193.21996 | CN80: =SQRT( (CG80 + CH80 + CI80)^2 + 3 * ( CJ80^2 + CL80^2 ) ) -> 1259.4883 | CO80: =SQRT( (CG80 + CH80 + CI80)^2 + 3 * ( CK80^2 + CM80^2 ) ) -> 857.44194 | CQ80: =MIN(Beams!$B$21:$B$22)/MAX(CN80:CP80)-1 -> 14.879464
A81: W | B81: W30X235 | C81: W30X235 | D81: F | E81: 235 | F81: 69.3 | G81: 31.3 | H81: 31.25 | I81: – | J81: – | K81: – | L81: 15.1 | M81: 15 | N81: – | O81: – | P81: – | Q81: 0.83 | R81: 0.8125 | S81: 0.4375 | T81: 1.5 | U81: 1.5 | V81: – | W81: – | X81: – | Y81: 2.29 | Z81: 2.75 | AA81: 1.625 | AB81: – | AC81: – | AD81: – | AE81: – | AF81: – | AG81: 5.02 | AH81: – | AI81: – | AJ81: 32.2 | AK81: – | AL81: – | AM81: 11700 | AN81: 847 | AO81: 748 | AP81: 13 | AQ81: 855 | AR81: 175 | AS81: 114 | AT81: 3.51 | AU81: – | AV81: – | AW81: – | AX81: 40.3 | AY81: 190000 | AZ81: – | BA81: 112 | BB81: 637 | BC81: – | BD81: – | BE81: 159 | BF81: 421 | BG81: – | BH81: – | BI81: – | BJ81: – | BK81: – | BL81: – | BM81: – | BN81: – | BO81: – | BP81: – | BQ81: – | BR81: – | BS81: – | BT81: – | BU81: – | BV81: – | BW81: 4.13 | BX81: 29.8 | BY81: 105 | BZ81: – | CA81: 120 | CB81: 77.7 | CC81: 92.8 | CD81: 25.75 | CE81: 5.5 | CF81: 3 | CG81: =Beams!$B$11/F81 -> 162.19336 | CH81: =Beams!$B$9/AO81 -> 15.026738 | CI81: =Beams!$C$9/AS81 -> 98.596491 | CJ81: =Beams!$B$8*BE81/(AQ81*2*T81) -> 696.74854 | CK81: =Beams!$C$8*BF81/(AM81*Q81) -> 487.28658 | CL81: =Beams!$B$12*T81/AX81 -> 418.36228 | CM81: =Beams!$B$12*Q81/AX81 -> 231.4938 | CN81: =SQRT( (CG81 + CH81 + CI81)^2 + 3 * ( CJ81^2 + CL81^2 ) ) -> 1434.4098 | CO81: =SQRT( (CG81 + CH81 + CI81)^2 + 3 * ( CK81^2 + CM81^2 ) ) -> 974.26258 | CQ81: =MIN(Beams!$B$21:$B$22)/MAX(CN81:CP81)-1 -> 12.943017
A82: W | B82: W30X211 | C82: W30X211 | D82: F | E82: 211 | F82: 62.3 | G82: 30.9 | H82: 31 | I82: – | J82: – | K82: – | L82: 15.1 | M82: 15.125 | N82: – | O82: – | P82: – | Q82: 0.775 | R82: 0.75 | S82: 0.375 | T82: 1.32 | U82: 1.3125 | V82: – | W82: – | X82: – | Y82: 2.1 | Z82: 2.5625 | AA82: 1.625 | AB82: – | AC82: – | AD82: – | AE82: – | AF82: – | AG82: 5.74 | AH82: – | AI82: – | AJ82: 34.5 | AK82: – | AL82: – | AM82: 10300 | AN82: 751 | AO82: 665 | AP82: 12.9 | AQ82: 757 | AR82: 155 | AS82: 100 | AT82: 3.49 | AU82: – | AV82: – | AW82: – | AX82: 28.4 | AY82: 166000 | AZ82: – | BA82: 112 | BB82: 556 | BC82: – | BD82: – | BE82: 140 | BF82: 372 | BG82: – | BH82: – | BI82: – | BJ82: – | BK82: – | BL82: – | BM82: – | BN82: – | BO82: – | BP82: – | BQ82: – | BR82: – | BS82: – | BT82: – | BU82: – | BV82: – | BW82: 4.11 | BX82: 29.6 | BY82: 104 | BZ82: – | CA82: 119 | CB82: 76.9 | CC82: 92 | CD82: 25.75 | CE82: 5.5 | CF82: 3 | CG82: =Beams!$B$11/F82 -> 180.41734 | CH82: =Beams!$B$9/AO82 -> 16.902256 | CI82: =Beams!$C$9/AS82 -> 112.4 | CJ82: =Beams!$B$8*BE82/(AQ82*2*T82) -> 787.39842 | CK82: =Beams!$C$8*BF82/(AM82*Q82) -> 523.80583 | CL82: =Beams!$B$12*T82/AX82 -> 522.42254 | CM82: =Beams!$B$12*Q82/AX82 -> 306.72535 | CN82: =SQRT( (CG82 + CH82 + CI82)^2 + 3 * ( CJ82^2 + CL82^2 ) ) -> 1665.7404 | CO82: =SQRT( (CG82 + CH82 + CI82)^2 + 3 * ( CK82^2 + CM82^2 ) ) -> 1096.0316 | CQ82: =MIN(Beams!$B$21:$B$22)/MAX(CN82:CP82)-1 -> 11.006673
A83: W | B83: W30X191 | C83: W30X191 | D83: F | E83: 191 | F83: 56.1 | G83: 30.7 | H83: 30.625 | I83: – | J83: – | K83: – | L83: 15 | M83: 15 | N83: – | O83: – | P83: – | Q83: 0.71 | R83: 0.6875 | S83: 0.375 | T83: 1.19 | U83: 1.1875 | V83: – | W83: – | X83: – | Y83: 1.97 | Z83: 2.5 | AA83: 1.5625 | AB83: – | AC83: – | AD83: – | AE83: – | AF83: – | AG83: 6.35 | AH83: – | AI83: – | AJ83: 37.7 | AK83: – | AL83: – | AM83: 9200 | AN83: 675 | AO83: 600 | AP83: 12.8 | AQ83: 673 | AR83: 138 | AS83: 89.5 | AT83: 3.46 | AU83: – | AV83: – | AW83: – | AX83: 21 | AY83: 146000 | AZ83: – | BA83: 111 | BB83: 494 | BC83: – | BD83: – | BE83: 125 | BF83: 335 | BG83: – | BH83: – | BI83: – | BJ83: – | BK83: – | BL83: – | BM83: – | BN83: – | BO83: – | BP83: – | BQ83: – | BR83: – | BS83: – | BT83: – | BU83: – | BV83: – | BW83: 4.06 | BX83: 29.5 | BY83: 104 | BZ83: – | CA83: 119 | CB83: 76.4 | CC83: 91.4 | CD83: 25.75 | CE83: 5.5 | CF83: 3 | CG83: =Beams!$B$11/F83 -> 200.35651 | CH83: =Beams!$B$9/AO83 -> 18.733333 | CI83: =Beams!$C$9/AS83 -> 125.58659 | CJ83: =Beams!$B$8*BE83/(AQ83*2*T83) -> 877.17108 | CK83: =Beams!$C$8*BF83/(AM83*Q83) -> 576.45438 | CL83: =Beams!$B$12*T83/AX83 -> 636.93333 | CM83: =Beams!$B$12*Q83/AX83 -> 380.01905 | CN83: =SQRT( (CG83 + CH83 + CI83)^2 + 3 * ( CJ83^2 + CL83^2 ) ) -> 1908.9634 | CO83: =SQRT( (CG83 + CH83 + CI83)^2 + 3 * ( CK83^2 + CM83^2 ) ) -> 1244.5659 | CQ83: =MIN(Beams!$B$21:$B$22)/MAX(CN83:CP83)-1 -> 9.4768901
A84: W | B84: W30X173 | C84: W30X173 | D84: F | E84: 173 | F84: 50.9 | G84: 30.4 | H84: 30.5 | I84: – | J84: – | K84: – | L84: 15 | M84: 15 | N84: – | O84: – | P84: – | Q84: 0.655 | R84: 0.625 | S84: 0.3125 | T84: 1.07 | U84: 1.0625 | V84: – | W84: – | X84: – | Y84: 1.85 | Z84: 2.3125 | AA84: 1.5625 | AB84: – | AC84: – | AD84: – | AE84: – | AF84: – | AG84: 7.04 | AH84: – | AI84: – | AJ84: 40.8 | AK84: – | AL84: – | AM84: 8230 | AN84: 607 | AO84: 541 | AP84: 12.7 | AQ84: 598 | AR84: 123 | AS84: 79.8 | AT84: 3.42 | AU84: – | AV84: – | AW84: – | AX84: 15.6 | AY84: 129000 | AZ84: – | BA84: 110 | BB84: 441 | BC84: – | BD84: – | BE84: 113 | BF84: 301 | BG84: – | BH84: – | BI84: – | BJ84: – | BK84: – | BL84: – | BM84: – | BN84: – | BO84: – | BP84: – | BQ84: – | BR84: – | BS84: – | BT84: – | BU84: – | BV84: – | BW84: 4.03 | BX84: 29.3 | BY84: 103 | BZ84: – | CA84: 118 | CB84: 75.8 | CC84: 90.8 | CD84: 25.75 | CE84: 5.5 | CF84: 3 | CG84: =Beams!$B$11/F84 -> 220.82515 | CH84: =Beams!$B$9/AO84 -> 20.77634 | CI84: =Beams!$C$9/AS84 -> 140.85213 | CJ84: =Beams!$B$8*BE84/(AQ84*2*T84) -> 992.49836 | CK84: =Beams!$C$8*BF84/(AM84*Q84) -> 627.61263 | CL84: =Beams!$B$12*T84/AX84 -> 770.94872 | CM84: =Beams!$B$12*Q84/AX84 -> 471.9359 | CN84: =SQRT( (CG84 + CH84 + CI84)^2 + 3 * ( CJ84^2 + CL84^2 ) ) -> 2210.094 | CO84: =SQRT( (CG84 + CH84 + CI84)^2 + 3 * ( CK84^2 + CM84^2 ) ) -> 1412.8461 | CQ84: =MIN(Beams!$B$21:$B$22)/MAX(CN84:CP84)-1 -> 8.0493888
A85: W | B85: W30X148 | C85: W30X148 | D85: F | E85: 148 | F85: 43.6 | G85: 30.7 | H85: 30.625 | I85: – | J85: – | K85: – | L85: 10.5 | M85: 10.5 | N85: – | O85: – | P85: – | Q85: 0.65 | R85: 0.625 | S85: 0.3125 | T85: 1.18 | U85: 1.1875 | V85: – | W85: – | X85: – | Y85: 1.83 | Z85: 2.5 | AA85: 1.5625 | AB85: – | AC85: – | AD85: – | AE85: – | AF85: – | AG85: 4.44 | AH85: – | AI85: – | AJ85: 41.6 | AK85: – | AL85: – | AM85: 6680 | AN85: 500 | AO85: 436 | AP85: 12.4 | AQ85: 227 | AR85: 68 | AS85: 43.3 | AT85: 2.28 | AU85: – | AV85: – | AW85: – | AX85: 14.5 | AY85: 49400 | AZ85: – | BA85: 77.5 | BB85: 240 | BC85: – | BD85: – | BE85: 85.8 | BF85: 248 | BG85: – | BH85: – | BI85: – | BJ85: – | BK85: – | BL85: – | BM85: – | BN85: – | BO85: – | BP85: – | BQ85: – | BR85: – | BS85: – | BT85: – | BU85: – | BV85: – | BW85: 2.77 | BX85: 29.5 | BY85: 90.5 | BZ85: – | CA85: 101 | CB85: 71.9 | CC85: 82.4 | CD85: 25.75 | CE85: 5.5 | CF85: – | CG85: =Beams!$B$11/F85 -> 257.79817 | CH85: =Beams!$B$9/AO85 -> 25.779817 | CI85: =Beams!$C$9/AS85 -> 259.5843 | CJ85: =Beams!$B$8*BE85/(AQ85*2*T85) -> 1800.1792 | CK85: =Beams!$C$8*BF85/(AM85*Q85) -> 641.98987 | CL85: =Beams!$B$12*T85/AX85 -> 914.70345 | CM85: =Beams!$B$12*Q85/AX85 -> 503.86207 | CN85: =SQRT( (CG85 + CH85 + CI85)^2 + 3 * ( CJ85^2 + CL85^2 ) ) -> 3539.3513 | CO85: =SQRT( (CG85 + CH85 + CI85)^2 + 3 * ( CK85^2 + CM85^2 ) ) -> 1514.3015 | CQ85: =MIN(Beams!$B$21:$B$22)/MAX(CN85:CP85)-1 -> 4.6507529
A86: W | B86: W30X132 | C86: W30X132 | D86: F | E86: 132 | F86: 38.8 | G86: 30.3 | H86: 30.25 | I86: – | J86: – | K86: – | L86: 10.5 | M86: 10.5 | N86: – | O86: – | P86: – | Q86: 0.615 | R86: 0.625 | S86: 0.3125 | T86: 1 | U86: 1 | V86: – | W86: – | X86: – | Y86: 1.65 | Z86: 2.25 | AA86: 1.5 | AB86: – | AC86: – | AD86: – | AE86: – | AF86: – | AG86: 5.27 | AH86: – | AI86: – | AJ86: 43.9 | AK86: – | AL86: – | AM86: 5770 | AN86: 437 | AO86: 380 | AP86: 12.2 | AQ86: 196 | AR86: 58.4 | AS86: 37.2 | AT86: 2.25 | AU86: – | AV86: – | AW86: – | AX86: 9.72 | AY86: 42100 | AZ86: – | BA86: 76.9 | BB86: 202 | BC86: – | BD86: – | BE86: 72.4 | BF86: 215 | BG86: – | BH86: – | BI86: – | BJ86: – | BK86: – | BL86: – | BM86: – | BN86: – | BO86: – | BP86: – | BQ86: – | BR86: – | BS86: – | BT86: – | BU86: – | BV86: – | BW86: 2.75 | BX86: 29.3 | BY86: 89.5 | BZ86: – | CA86: 100 | CB86: 71.1 | CC86: 81.6 | CD86: 25.75 | CE86: 5.5 | CF86: – | CG86: =Beams!$B$11/F86 -> 289.69072 | CH86: =Beams!$B$9/AO86 -> 29.578947 | CI86: =Beams!$C$9/AS86 -> 302.15054 | CJ86: =Beams!$B$8*BE86/(AQ86*2*T86) -> 2075.9592 | CK86: =Beams!$C$8*BF86/(AM86*Q86) -> 681.01055 | CL86: =Beams!$B$12*T86/AX86 -> 1156.3786 | CM86: =Beams!$B$12*Q86/AX86 -> 711.17284 | CN86: =SQRT( (CG86 + CH86 + CI86)^2 + 3 * ( CJ86^2 + CL86^2 ) ) -> 4162.5253 | CO86: =SQRT( (CG86 + CH86 + CI86)^2 + 3 * ( CK86^2 + CM86^2 ) ) -> 1815.1555 | CQ86: =MIN(Beams!$B$21:$B$22)/MAX(CN86:CP86)-1 -> 3.8047756
A87: W | B87: W30X124 | C87: W30X124 | D87: F | E87: 124 | F87: 36.5 | G87: 30.2 | H87: 30.125 | I87: – | J87: – | K87: – | L87: 10.5 | M87: 10.5 | N87: – | O87: – | P87: – | Q87: 0.585 | R87: 0.5625 | S87: 0.3125 | T87: 0.93 | U87: 0.9375 | V87: – | W87: – | X87: – | Y87: 1.58 | Z87: 2.25 | AA87: 1.5 | AB87: – | AC87: – | AD87: – | AE87: – | AF87: – | AG87: 5.65 | AH87: – | AI87: – | AJ87: 46.2 | AK87: – | AL87: – | AM87: 5360 | AN87: 408 | AO87: 355 | AP87: 12.1 | AQ87: 181 | AR87: 54 | AS87: 34.4 | AT87: 2.23 | AU87: – | AV87: – | AW87: – | AX87: 7.99 | AY87: 38600 | AZ87: – | BA87: 76.8 | BB87: 188 | BC87: – | BD87: – | BE87: 67.5 | BF87: 202 | BG87: – | BH87: – | BI87: – | BJ87: – | BK87: – | BL87: – | BM87: – | BN87: – | BO87: – | BP87: – | BQ87: – | BR87: – | BS87: – | BT87: – | BU87: – | BV87: – | BW87: 2.73 | BX87: 29.3 | BY87: 89.5 | BZ87: – | CA87: 100 | CB87: 70.9 | CC87: 81.4 | CD87: 25.75 | CE87: 5.5 | CF87: – | CG87: =Beams!$B$11/F87 -> 307.94521 | CH87: =Beams!$B$9/AO87 -> 31.661972 | CI87: =Beams!$C$9/AS87 -> 326.74419 | CJ87: =Beams!$B$8*BE87/(AQ87*2*T87) -> 2253.609 | CK87: =Beams!$C$8*BF87/(AM87*Q87) -> 724.09746 | CL87: =Beams!$B$12*T87/AX87 -> 1308.2854 | CM87: =Beams!$B$12*Q87/AX87 -> 822.95369 | CN87: =SQRT( (CG87 + CH87 + CI87)^2 + 3 * ( CJ87^2 + CL87^2 ) ) -> 4562.3586 | CO87: =SQRT( (CG87 + CH87 + CI87)^2 + 3 * ( CK87^2 + CM87^2 ) ) -> 2012.1466 | CQ87: =MIN(Beams!$B$21:$B$22)/MAX(CN87:CP87)-1 -> 3.3836975
A88: W | B88: W30X116 | C88: W30X116 | D88: F | E88: 116 | F88: 34.2 | G88: 30 | H88: 30 | I88: – | J88: – | K88: – | L88: 10.5 | M88: 10.5 | N88: – | O88: – | P88: – | Q88: 0.565 | R88: 0.5625 | S88: 0.3125 | T88: 0.85 | U88: 0.875 | V88: – | W88: – | X88: – | Y88: 1.5 | Z88: 2.125 | AA88: 1.5 | AB88: – | AC88: – | AD88: – | AE88: – | AF88: – | AG88: 6.17 | AH88: – | AI88: – | AJ88: 47.8 | AK88: – | AL88: – | AM88: 4930 | AN88: 378 | AO88: 329 | AP88: 12 | AQ88: 164 | AR88: 49.2 | AS88: 31.3 | AT88: 2.19 | AU88: – | AV88: – | AW88: – | AX88: 6.43 | AY88: 34900 | AZ88: – | BA88: 76.5 | BB88: 171 | BC88: – | BD88: – | BE88: 61.5 | BF88: 187 | BG88: – | BH88: – | BI88: – | BJ88: – | BK88: – | BL88: – | BM88: – | BN88: – | BO88: – | BP88: – | BQ88: – | BR88: – | BS88: – | BT88: – | BU88: – | BV88: – | BW88: 2.7 | BX88: 29.2 | BY88: 89.3 | BZ88: – | CA88: 99.8 | CB88: 70.5 | CC88: 81 | CD88: 25.75 | CE88: 5.5 | CF88: – | CG88: =Beams!$B$11/F88 -> 328.65497 | CH88: =Beams!$B$9/AO88 -> 34.164134 | CI88: =Beams!$C$9/AS88 -> 359.10543 | CJ88: =Beams!$B$8*BE88/(AQ88*2*T88) -> 2479.4118 | CK88: =Beams!$C$8*BF88/(AM88*Q88) -> 754.59262 | CL88: =Beams!$B$12*T88/AX88 -> 1485.8476 | CM88: =Beams!$B$12*Q88/AX88 -> 987.65163 | CN88: =SQRT( (CG88 + CH88 + CI88)^2 + 3 * ( CJ88^2 + CL88^2 ) ) -> 5058.3448 | CO88: =SQRT( (CG88 + CH88 + CI88)^2 + 3 * ( CK88^2 + CM88^2 ) ) -> 2270.6326 | CQ88: =MIN(Beams!$B$21:$B$22)/MAX(CN88:CP88)-1 -> 2.9538625
A89: W | B89: W30X108 | C89: W30X108 | D89: F | E89: 108 | F89: 31.7 | G89: 29.8 | H89: 29.875 | I89: – | J89: – | K89: – | L89: 10.5 | M89: 10.5 | N89: – | O89: – | P89: – | Q89: 0.545 | R89: 0.5625 | S89: 0.3125 | T89: 0.76 | U89: 0.75 | V89: – | W89: – | X89: – | Y89: 1.41 | Z89: 2 | AA89: 1.5 | AB89: – | AC89: – | AD89: – | AE89: – | AF89: – | AG89: 6.89 | AH89: – | AI89: – | AJ89: 49.6 | AK89: – | AL89: – | AM89: 4470 | AN89: 346 | AO89: 299 | AP89: 11.9 | AQ89: 146 | AR89: 43.9 | AS89: 27.9 | AT89: 2.15 | AU89: – | AV89: – | AW89: – | AX89: 4.99 | AY89: 30900 | AZ89: – | BA89: 76.2 | BB89: 152 | BC89: – | BD89: – | BE89: 54.9 | BF89: 170 | BG89: – | BH89: – | BI89: – | BJ89: – | BK89: – | BL89: – | BM89: – | BN89: – | BO89: – | BP89: – | BQ89: – | BR89: – | BS89: – | BT89: – | BU89: – | BV89: – | BW89: 2.67 | BX89: 29 | BY89: 88.9 | BZ89: – | CA89: 99.4 | CB89: 70.1 | CC89: 80.6 | CD89: 25.75 | CE89: 5.5 | CF89: – | CG89: =Beams!$B$11/F89 -> 354.57413 | CH89: =Beams!$B$9/AO89 -> 37.591973 | CI89: =Beams!$C$9/AS89 -> 402.86738 | CJ89: =Beams!$B$8*BE89/(AQ89*2*T89) -> 2780.6236 | CK89: =Beams!$C$8*BF89/(AM89*Q89) -> 784.35236 | CL89: =Beams!$B$12*T89/AX89 -> 1711.9038 | CM89: =Beams!$B$12*Q89/AX89 -> 1227.6152 | CN89: =SQRT( (CG89 + CH89 + CI89)^2 + 3 * ( CJ89^2 + CL89^2 ) ) -> 5711.3506 | CO89: =SQRT( (CG89 + CH89 + CI89)^2 + 3 * ( CK89^2 + CM89^2 ) ) -> 2645.5286 | CQ89: =MIN(Beams!$B$21:$B$22)/MAX(CN89:CP89)-1 -> 2.5017987
A90: W | B90: W30X99 | C90: W30X99 | D90: F | E90: 99 | F90: 29 | G90: 29.7 | H90: 29.625 | I90: – | J90: – | K90: – | L90: 10.5 | M90: 10.5 | N90: – | O90: – | P90: – | Q90: 0.52 | R90: 0.5 | S90: 0.25 | T90: 0.67 | U90: 0.6875 | V90: – | W90: – | X90: – | Y90: 1.32 | Z90: 2 | AA90: 1.5 | AB90: – | AC90: – | AD90: – | AE90: – | AF90: – | AG90: 7.8 | AH90: – | AI90: – | AJ90: 51.9 | AK90: – | AL90: – | AM90: 3990 | AN90: 312 | AO90: 269 | AP90: 11.7 | AQ90: 128 | AR90: 38.6 | AS90: 24.5 | AT90: 2.1 | AU90: – | AV90: – | AW90: – | AX90: 3.77 | AY90: 26800 | AZ90: – | BA90: 76.2 | BB90: 134 | BC90: – | BD90: – | BE90: 48.5 | BF90: 154 | BG90: – | BH90: – | BI90: – | BJ90: – | BK90: – | BL90: – | BM90: – | BN90: – | BO90: – | BP90: – | BQ90: – | BR90: – | BS90: – | BT90: – | BU90: – | BV90: – | BW90: 2.62 | BX90: 29 | BY90: 88.7 | BZ90: – | CA90: 99.2 | CB90: 69.9 | CC90: 80.4 | CD90: 25.75 | CE90: 5.5 | CF90: – | CG90: =Beams!$B$11/F90 -> 387.58621 | CH90: =Beams!$B$9/AO90 -> 41.784387 | CI90: =Beams!$C$9/AS90 -> 458.77551 | CJ90: =Beams!$B$8*BE90/(AQ90*2*T90) -> 3178.2882 | CK90: =Beams!$C$8*BF90/(AM90*Q90) -> 834.278 | CL90: =Beams!$B$12*T90/AX90 -> 1997.5597 | CM90: =Beams!$B$12*Q90/AX90 -> 1550.3448 | CN90: =SQRT( (CG90 + CH90 + CI90)^2 + 3 * ( CJ90^2 + CL90^2 ) ) -> 6562.3232 | CO90: =SQRT( (CG90 + CH90 + CI90)^2 + 3 * ( CK90^2 + CM90^2 ) ) -> 3176.0935 | CQ90: =MIN(Beams!$B$21:$B$22)/MAX(CN90:CP90)-1 -> 2.0477011
A91: W | B91: W30X90 | C91: W30X90 | D91: F | E91: 90 | F91: 26.3 | G91: 29.5 | H91: 29.5 | I91: – | J91: – | K91: – | L91: 10.4 | M91: 10.375 | N91: – | O91: – | P91: – | Q91: 0.47 | R91: 0.5 | S91: 0.25 | T91: 0.61 | U91: 0.625 | V91: – | W91: – | X91: – | Y91: 1.26 | Z91: 1.875 | AA91: 1.4375 | AB91: – | AC91: – | AD91: – | AE91: – | AF91: – | AG91: 8.52 | AH91: – | AI91: – | AJ91: 57.5 | AK91: – | AL91: – | AM91: 3610 | AN91: 283 | AO91: 245 | AP91: 11.7 | AQ91: 115 | AR91: 34.7 | AS91: 22.1 | AT91: 2.09 | AU91: – | AV91: – | AW91: – | AX91: 2.84 | AY91: 24000 | AZ91: – | BA91: 75.1 | BB91: 119 | BC91: – | BD91: – | BE91: 43.7 | BF91: 139 | BG91: – | BH91: – | BI91: – | BJ91: – | BK91: – | BL91: – | BM91: – | BN91: – | BO91: – | BP91: – | BQ91: – | BR91: – | BS91: – | BT91: – | BU91: – | BV91: – | BW91: 2.6 | BX91: 28.9 | BY91: 88.1 | BZ91: – | CA91: 98.5 | CB91: 69.4 | CC91: 79.8 | CD91: 25.75 | CE91: 5.5 | CF91: – | CG91: =Beams!$B$11/F91 -> 427.37643 | CH91: =Beams!$B$9/AO91 -> 45.877551 | CI91: =Beams!$C$9/AS91 -> 508.59729 | CJ91: =Beams!$B$8*BE91/(AQ91*2*T91) -> 3500.9836 | CK91: =Beams!$C$8*BF91/(AM91*Q91) -> 920.82277 | CL91: =Beams!$B$12*T91/AX91 -> 2414.2254 | CM91: =Beams!$B$12*Q91/AX91 -> 1860.1408 | CN91: =SQRT( (CG91 + CH91 + CI91)^2 + 3 * ( CJ91^2 + CL91^2 ) ) -> 7431.0257 | CO91: =SQRT( (CG91 + CH91 + CI91)^2 + 3 * ( CK91^2 + CM91^2 ) ) -> 3726.6805 | CQ91: =MIN(Beams!$B$21:$B$22)/MAX(CN91:CP91)-1 -> 1.6914185
A92: W | B92: W27X539 | C92: W27X539 | D92: T | E92: 539 | F92: 159 | G92: 32.5 | H92: 32.5 | I92: – | J92: – | K92: – | L92: 15.3 | M92: 15.25 | N92: – | O92: – | P92: – | Q92: 1.97 | R92: 2 | S92: 1 | T92: 3.54 | U92: 3.5625 | V92: – | W92: – | X92: – | Y92: 4.33 | Z92: 4.4375 | AA92: 1.8125 | AB92: – | AC92: – | AD92: – | AE92: – | AF92: – | AG92: 2.15 | AH92: – | AI92: – | AJ92: 12.1 | AK92: – | AL92: – | AM92: 25600 | AN92: 1890 | AO92: 1570 | AP92: 12.7 | AQ92: 2110 | AR92: 437 | AS92: 277 | AT92: 3.65 | AU92: – | AV92: – | AW92: – | AX92: 496 | AY92: 443000 | AZ92: – | BA92: 111 | BB92: 1500 | BC92: – | BD92: – | BE92: 342 | BF92: 943 | BG92: – | BH92: – | BI92: – | BJ92: – | BK92: – | BL92: – | BM92: – | BN92: – | BO92: – | BP92: – | BQ92: – | BR92: – | BS92: – | BT92: – | BU92: – | BV92: – | BW92: 4.41 | BX92: 29 | BY92: 106 | BZ92: – | CA92: 121 | CB92: 80.3 | CC92: 95.6 | CD92: 23 | CE92: 5.5 | CF92: – | CG92: =Beams!$B$11/F92 -> 70.691824 | CH92: =Beams!$B$9/AO92 -> 7.1592357 | CI92: =Beams!$C$9/AS92 -> 40.577617 | CJ92: =Beams!$B$8*BE92/(AQ92*2*T92) -> 257.32187 | CK92: =Beams!$C$8*BF92/(AM92*Q92) -> 210.17053 | CL92: =Beams!$B$12*T92/AX92 -> 80.220968 | CM92: =Beams!$B$12*Q92/AX92 -> 44.642742 | CN92: =SQRT( (CG92 + CH92 + CI92)^2 + 3 * ( CJ92^2 + CL92^2 ) ) -> 481.63804 | CO92: =SQRT( (CG92 + CH92 + CI92)^2 + 3 * ( CK92^2 + CM92^2 ) ) -> 390.5371 | CQ92: =MIN(Beams!$B$21:$B$22)/MAX(CN92:CP92)-1 -> 40.524959
A93: W | B93: W27X368 | C93: W27X368 | D93: T | E93: 368 | F93: 109 | G93: 30.4 | H93: 30.375 | I93: – | J93: – | K93: – | L93: 14.7 | M93: 14.625 | N93: – | O93: – | P93: – | Q93: 1.38 | R93: 1.375 | S93: 0.6875 | T93: 2.48 | U93: 2.5 | V93: – | W93: – | X93: – | Y93: 3.27 | Z93: 3.6875 | AA93: 1.875 | AB93: – | AC93: – | AD93: – | AE93: – | AF93: – | AG93: 2.96 | AH93: – | AI93: – | AJ93: 17.3 | AK93: – | AL93: – | AM93: 16200 | AN93: 1240 | AO93: 1060 | AP93: 12.2 | AQ93: 1310 | AR93: 279 | AS93: 179 | AT93: 3.48 | AU93: – | AV93: – | AW93: – | AX93: 170 | AY93: 255000 | AZ93: – | BA93: 103 | BB93: 935 | BC93: – | BD93: – | BE93: 231 | BF93: 621 | BG93: – | BH93: – | BI93: – | BJ93: – | BK93: – | BL93: – | BM93: – | BN93: – | BO93: – | BP93: – | BQ93: – | BR93: – | BS93: – | BT93: – | BU93: – | BV93: – | BW93: 4.15 | BX93: 27.9 | BY93: 100 | BZ93: – | CA93: 115 | CB93: 75.5 | CC93: 90.2 | CD93: 23 | CE93: 5.5 | CF93: – | CG93: =Beams!$B$11/F93 -> 103.11927 | CH93: =Beams!$B$9/AO93 -> 10.603774 | CI93: =Beams!$C$9/AS93 -> 62.793296 | CJ93: =Beams!$B$8*BE93/(AQ93*2*T93) -> 399.59985 | CK93: =Beams!$C$8*BF93/(AM93*Q93) -> 312.22222 | CL93: =Beams!$B$12*T93/AX93 -> 163.97176 | CM93: =Beams!$B$12*Q93/AX93 -> 91.242353 | CN93: =SQRT( (CG93 + CH93 + CI93)^2 + 3 * ( CJ93^2 + CL93^2 ) ) -> 768.67312 | CO93: =SQRT( (CG93 + CH93 + CI93)^2 + 3 * ( CK93^2 + CM93^2 ) ) -> 590.40805 | CQ93: =MIN(Beams!$B$21:$B$22)/MAX(CN93:CP93)-1 -> 25.018862
A94: W | B94: W27X336 | C94: W27X336 | D94: T | E94: 336 | F94: 99.2 | G94: 30 | H94: 30 | I94: – | J94: – | K94: – | L94: 14.6 | M94: 14.5 | N94: – | O94: – | P94: – | Q94: 1.26 | R94: 1.25 | S94: 0.625 | T94: 2.28 | U94: 2.25 | V94: – | W94: – | X94: – | Y94: 3.07 | Z94: 3.5 | AA94: 1.8125 | AB94: – | AC94: – | AD94: – | AE94: – | AF94: – | AG94: 3.19 | AH94: – | AI94: – | AJ94: 18.9 | AK94: – | AL94: – | AM94: 14600 | AN94: 1130 | AO94: 972 | AP94: 12.1 | AQ94: 1180 | AR94: 252 | AS94: 162 | AT94: 3.45 | AU94: – | AV94: – | AW94: – | AX94: 131 | AY94: 226000 | AZ94: – | BA94: 101 | BB94: 842 | BC94: – | BD94: – | BE94: 211 | BF94: 563 | BG94: – | BH94: – | BI94: – | BJ94: – | BK94: – | BL94: – | BM94: – | BN94: – | BO94: – | BP94: – | BQ94: – | BR94: – | BS94: – | BT94: – | BU94: – | BV94: – | BW94: 4.1 | BX94: 27.7 | BY94: 100 | BZ94: – | CA94: 115 | CB94: 74.6 | CC94: 89.2 | CD94: 23 | CE94: 5.5 | CF94: – | CG94: =Beams!$B$11/F94 -> 113.30645 | CH94: =Beams!$B$9/AO94 -> 11.563786 | CI94: =Beams!$C$9/AS94 -> 69.382716 | CJ94: =Beams!$B$8*BE94/(AQ94*2*T94) -> 440.75974 | CK94: =Beams!$C$8*BF94/(AM94*Q94) -> 343.99435 | CL94: =Beams!$B$12*T94/AX94 -> 195.62748 | CM94: =Beams!$B$12*Q94/AX94 -> 108.10992 | CN94: =SQRT( (CG94 + CH94 + CI94)^2 + 3 * ( CJ94^2 + CL94^2 ) ) -> 857.52667 | CO94: =SQRT( (CG94 + CH94 + CI94)^2 + 3 * ( CK94^2 + CM94^2 ) ) -> 654.05948 | CQ94: =MIN(Beams!$B$21:$B$22)/MAX(CN94:CP94)-1 -> 22.32289
A95: W | B95: W27X307 | C95: W27X307 | D95: T | E95: 307 | F95: 90.2 | G95: 29.6 | H95: 29.625 | I95: – | J95: – | K95: – | L95: 14.4 | M95: 14.5 | N95: – | O95: – | P95: – | Q95: 1.16 | R95: 1.1875 | S95: 0.625 | T95: 2.09 | U95: 2.0625 | V95: – | W95: – | X95: – | Y95: 2.88 | Z95: 3.3125 | AA95: 1.8125 | AB95: – | AC95: – | AD95: – | AE95: – | AF95: – | AG95: 3.46 | AH95: – | AI95: – | AJ95: 20.6 | AK95: – | AL95: – | AM95: 13100 | AN95: 1030 | AO95: 887 | AP95: 12 | AQ95: 1050 | AR95: 227 | AS95: 146 | AT95: 3.41 | AU95: – | AV95: – | AW95: – | AX95: 101 | AY95: 199000 | AZ95: – | BA95: 99 | BB95: 745 | BC95: – | BD95: – | BE95: 190 | BF95: 508 | BG95: – | BH95: – | BI95: – | BJ95: – | BK95: – | BL95: – | BM95: – | BN95: – | BO95: – | BP95: – | BQ95: – | BR95: – | BS95: – | BT95: – | BU95: – | BV95: – | BW95: 4.04 | BX95: 27.5 | BY95: 98.6 | BZ95: – | CA95: 113 | CB95: 73.6 | CC95: 88 | CD95: 23 | CE95: 5.5 | CF95: – | CG95: =Beams!$B$11/F95 -> 124.61197 | CH95: =Beams!$B$9/AO95 -> 12.671928 | CI95: =Beams!$C$9/AS95 -> 76.986301 | CJ95: =Beams!$B$8*BE95/(AQ95*2*T95) -> 486.58009 | CK95: =Beams!$C$8*BF95/(AM95*Q95) -> 375.75151 | CL95: =Beams!$B$12*T95/AX95 -> 232.5901 | CM95: =Beams!$B$12*Q95/AX95 -> 129.09307 | CN95: =SQRT( (CG95 + CH95 + CI95)^2 + 3 * ( CJ95^2 + CL95^2 ) ) -> 958.37713 | CO95: =SQRT( (CG95 + CH95 + CI95)^2 + 3 * ( CK95^2 + CM95^2 ) ) -> 720.74571 | CQ95: =MIN(Beams!$B$21:$B$22)/MAX(CN95:CP95)-1 -> 19.868611
A96: W | B96: W27X281 | C96: W27X281 | D96: F | E96: 281 | F96: 83.1 | G96: 29.3 | H96: 29.25 | I96: – | J96: – | K96: – | L96: 14.4 | M96: 14.375 | N96: – | O96: – | P96: – | Q96: 1.06 | R96: 1.0625 | S96: 0.5625 | T96: 1.93 | U96: 1.9375 | V96: – | W96: – | X96: – | Y96: 2.72 | Z96: 3.125 | AA96: 1.75 | AB96: – | AC96: – | AD96: – | AE96: – | AF96: – | AG96: 3.72 | AH96: – | AI96: – | AJ96: 22.5 | AK96: – | AL96: – | AM96: 11900 | AN96: 936 | AO96: 814 | AP96: 12 | AQ96: 953 | AR96: 206 | AS96: 133 | AT96: 3.39 | AU96: – | AV96: – | AW96: – | AX96: 79.5 | AY96: 178000 | AZ96: – | BA96: 98.5 | BB96: 685 | BC96: – | BD96: – | BE96: 176 | BF96: 466 | BG96: – | BH96: – | BI96: – | BJ96: – | BK96: – | BL96: – | BM96: – | BN96: – | BO96: – | BP96: – | BQ96: – | BR96: – | BS96: – | BT96: – | BU96: – | BV96: – | BW96: 4 | BX96: 27.4 | BY96: 98.6 | BZ96: – | CA96: 113 | CB96: 73 | CC96: 87.4 | CD96: 23 | CE96: 5.5 | CF96: – | CG96: =Beams!$B$11/F96 -> 135.25872 | CH96: =Beams!$B$9/AO96 -> 13.808354 | CI96: =Beams!$C$9/AS96 -> 84.511278 | CJ96: =Beams!$B$8*BE96/(AQ96*2*T96) -> 537.77273 | CK96: =Beams!$C$8*BF96/(AM96*Q96) -> 415.24021 | CL96: =Beams!$B$12*T96/AX96 -> 272.87044 | CM96: =Beams!$B$12*Q96/AX96 -> 149.86667 | CN96: =SQRT( (CG96 + CH96 + CI96)^2 + 3 * ( CJ96^2 + CL96^2 ) ) -> 1070.2954 | CO96: =SQRT( (CG96 + CH96 + CI96)^2 + 3 * ( CK96^2 + CM96^2 ) ) -> 799.50747 | CQ96: =MIN(Beams!$B$21:$B$22)/MAX(CN96:CP96)-1 -> 17.68643
... A184: W | B184: W16X26 | C184: W16X26 | D184: F | E184: 26 | F184: 7.68 | G184: 15.7 | H184: 15.75 | I184: – | J184: – | K184: – | L184: 5.5 | M184: 5.5 | N184: – | O184: – | P184: – | Q184: 0.25 | R184: 0.25 | S184: 0.125 | T184: 0.345 | U184: 0.375 | V184: – | W184: – | X184: – | Y184: 0.747 | Z184: 1.0625 | AA184: 0.75 | AB184: – | AC184: – | AD184: – | AE184: – | AF184: – | AG184: 7.97 | AH184: – | AI184: – | AJ184: 56.8 | AK184: – | AL184: – | AM184: 301 | AN184: 44.2 | AO184: 38.4 | AP184: 6.26 | AQ184: 9.59 | AR184: 5.48 | AS184: 3.49 | AT184: 1.12 | AU184: – | AV184: – | AW184: – | AX184: 0.262 | AY184: 565 | AZ184: – | BA184: 21.1 | BB184: 10 | BC184: – | BD184: – | BE184: 6.95 | BF184: 21.6 | BG184: – | BH184: – | BI184: – | BJ184: – | BK184: – | BL184: – | BM184: – | BN184: – | BO184: – | BP184: – | BQ184: – | BR184: – | BS184: – | BT184: – | BU184: – | BV184: – | BW184: 1.38 | BX184: 15.4 | BY184: 46.7 | BZ184: – | CA184: 52.2 | CB184: 36.9 | CC184: 42.4 | CD184: 13.625 | CE184: 3.5 | CF184: – | CG184: =Beams!$B$11/F184 -> 1463.5417 | CH184: =Beams!$B$9/AO184 -> 292.70833 | CI184: =Beams!$C$9/AS184 -> 3220.6304 | CJ184: =Beams!$B$8*BE184/(AQ184*2*T184) -> 11805.474 | CK184: =Beams!$C$8*BF184/(AM184*Q184) -> 3226.3654 | CL184: =Beams!$B$12*T184/AX184 -> 14800.763 | CM184: =Beams!$B$12*Q184/AX184 -> 10725.191 | CN184: =SQRT( (CG184 + CH184 + CI184)^2 + 3 * ( CJ184^2 + CL184^2 ) ) -> 33167.224 | CO184: =SQRT( (CG184 + CH184 + CI184)^2 + 3 * ( CK184^2 + CM184^2 ) ) -> 20027.151 | CQ184: =MIN(Beams!$B$21:$B$22)/MAX(CN184:CP184)-1 -> -0.39699506
A185: W | B185: W14X873 | C185: W14X873 | D185: T | E185: 873 | F185: 257 | G185: 23.6 | H185: 23.625 | I185: – | J185: – | K185: – | L185: 18.8 | M185: 18.75 | N185: – | O185: – | P185: – | Q185: 3.94 | R185: 3.9375 | S185: 2 | T185: 5.51 | U185: 5.5 | V185: – | W185: – | X185: – | Y185: 6.1 | Z185: 6.1875 | AA185: 2.5625 | AB185: – | AC185: – | AD185: – | AE185: – | AF185: – | AG185: 1.71 | AH185: – | AI185: – | AJ185: 2.89 | AK185: – | AL185: – | AM185: 18100 | AN185: 2030 | AO185: 1530 | AP185: 8.39 | AQ185: 6170 | AR185: 1020 | AS185: 656 | AT185: 4.9 | AU185: – | AV185: – | AW185: – | AX185: 2270 | AY185: 505000 | AZ185: – | BA185: 85 | BB185: 2200 | BC185: – | BD185: – | BE185: 370 | BF185: 1010 | BG185: – | BH185: – | BI185: – | BJ185: – | BK185: – | BL185: – | BM185: – | BN185: – | BO185: – | BP185: – | BQ185: – | BR185: – | BS185: – | BT185: – | BU185: – | BV185: – | BW185: 6.04 | BX185: 18.1 | BY185: 95.2 | BZ185: – | CA185: 114 | CB185: 66 | CC185: 84.8 | CD185: 11.25 | CE185: 8.5 | CF185: 3 | CG185: =Beams!$B$11/F185 -> 43.735409 | CH185: =Beams!$B$9/AO185 -> 7.3464052 | CI185: =Beams!$C$9/AS185 -> 17.134146 | CJ185: =Beams!$B$8*BE185/(AQ185*2*T185) -> 61.16476 | CK185: =Beams!$C$8*BF185/(AM185*Q185) -> 159.18894 | CL185: =Beams!$B$12*T185/AX185 -> 27.282996 | CM185: =Beams!$B$12*Q185/AX185 -> 19.509075 | CN185: =SQRT( (CG185 + CH185 + CI185)^2 + 3 * ( CJ185^2 + CL185^2 ) ) -> 134.57298 | CO185: =SQRT( (CG185 + CH185 + CI185)^2 + 3 * ( CK185^2 + CM185^2 ) ) -> 286.03948 | CQ185: =MIN(Beams!$B$21:$B$22)/MAX(CN185:CP185)-1 -> 68.920418
A186: W | B186: W14X808 | C186: W14X808 | D186: T | E186: 808 | F186: 238 | G186: 22.8 | H186: 22.75 | I186: – | J186: – | K186: – | L186: 18.6 | M186: 18.625 | N186: – | O186: – | P186: – | Q186: 3.74 | R186: 3.75 | S186: 1.875 | T186: 5.12 | U186: 5.125 | V186: – | W186: – | X186: – | Y186: 5.71 | Z186: 5.75 | AA186: 2.5 | AB186: – | AC186: – | AD186: – | AE186: – | AF186: – | AG186: 1.82 | AH186: – | AI186: – | AJ186: 3.04 | AK186: – | AL186: – | AM186: 15900 | AN186: 1830 | AO186: 1390 | AP186: 8.17 | AQ186: 5550 | AR186: 930 | AS186: 597 | AT186: 4.83 | AU186: – | AV186: – | AW186: – | AX186: 1840 | AY186: 434000 | AZ186: – | BA186: 82.2 | BB186: 1960 | BC186: – | BD186: – | BE186: 336 | BF186: 916 | BG186: – | BH186: – | BI186: – | BJ186: – | BK186: – | BL186: – | BM186: – | BN186: – | BO186: – | BP186: – | BQ186: – | BR186: – | BS186: – | BT186: – | BU186: – | BV186: – | BW186: 5.94 | BX186: 17.7 | BY186: 93.4 | BZ186: – | CA186: 112 | CB186: 64.2 | CC186: 82.8 | CD186: 11.25 | CE186: 8.5 | CF186: 3 | CG186: =Beams!$B$11/F186 -> 47.226891 | CH186: =Beams!$B$9/AO186 -> 8.0863309 | CI186: =Beams!$C$9/AS186 -> 18.827471 | CJ186: =Beams!$B$8*BE186/(AQ186*2*T186) -> 66.452703 | CK186: =Beams!$C$8*BF186/(AM186*Q186) -> 173.13826 | CL186: =Beams!$B$12*T186/AX186 -> 31.276522 | CM186: =Beams!$B$12*Q186/AX186 -> 22.846522 | CN186: =SQRT( (CG186 + CH186 + CI186)^2 + 3 * ( CJ186^2 + CL186^2 ) ) -> 147.23923 | CO186: =SQRT( (CG186 + CH186 + CI186)^2 + 3 * ( CK186^2 + CM186^2 ) ) -> 311.43749 | CQ186: =MIN(Beams!$B$21:$B$22)/MAX(CN186:CP186)-1 -> 63.218345
A187: W | B187: W14X730 | C187: W14X730 | D187: T | E187: 730 | F187: 215 | G187: 22.4 | H187: 22.375 | I187: – | J187: – | K187: – | L187: 17.9 | M187: 17.875 | N187: – | O187: – | P187: – | Q187: 3.07 | R187: 3.0625 | S187: 1.5625 | T187: 4.91 | U187: 4.9375 | V187: – | W187: – | X187: – | Y187: 5.51 | Z187: 6.1875 | AA187: 2.75 | AB187: – | AC187: – | AD187: – | AE187: – | AF187: – | AG187: 1.82 | AH187: – | AI187: – | AJ187: 3.71 | AK187: – | AL187: – | AM187: 14300 | AN187: 1660 | AO187: 1280 | AP187: 8.17 | AQ187: 4720 | AR187: 816 | AS187: 527 | AT187: 4.69 | AU187: – | AV187: – | AW187: – | AX187: 1450 | AY187: 362000 | AZ187: – | BA187: 78.3 | BB187: 1720 | BC187: – | BD187: – | BE187: 318 | BF187: 829 | BG187: – | BH187: – | BI187: – | BJ187: – | BK187: – | BL187: – | BM187: – | BN187: – | BO187: – | BP187: – | BQ187: – | BR187: – | BS187: – | BT187: – | BU187: – | BV187: – | BW187: 5.68 | BX187: 17.5 | BY187: 91.1 | BZ187: – | CA187: 109 | CB187: 62.7 | CC187: 80.6 | CD187: 10 | CE187: 7.5 | CF187: 3 | CG187: =Beams!$B$11/F187 -> 52.27907 | CH187: =Beams!$B$9/AO187 -> 8.78125 | CI187: =Beams!$C$9/AS187 -> 21.328273 | CJ187: =Beams!$B$8*BE187/(AQ187*2*T187) -> 77.115192 | CK187: =Beams!$C$8*BF187/(AM187*Q187) -> 212.24938 | CL187: =Beams!$B$12*T187/AX187 -> 38.060966 | CM187: =Beams!$B$12*Q187/AX187 -> 23.797793 | CN187: =SQRT( (CG187 + CH187 + CI187)^2 + 3 * ( CJ187^2 + CL187^2 ) ) -> 170.21766 | CO187: =SQRT( (CG187 + CH187 + CI187)^2 + 3 * ( CK187^2 + CM187^2 ) ) -> 378.99378 | CQ187: =MIN(Beams!$B$21:$B$22)/MAX(CN187:CP187)-1 -> 51.771315
A188: W | B188: W14X665 | C188: W14X665 | D188: T | E188: 665 | F188: 196 | G188: 21.6 | H188: 21.625 | I188: – | J188: – | K188: – | L188: 17.7 | M188: 17.625 | N188: – | O188: – | P188: – | Q188: 2.83 | R188: 2.8125 | S188: 1.4375 | T188: 4.52 | U188: 4.5 | V188: – | W188: – | X188: – | Y188: 5.12 | Z188: 5.8125 | AA188: 2.625 | AB188: – | AC188: – | AD188: – | AE188: – | AF188: – | AG188: 1.95 | AH188: – | AI188: – | AJ188: 4.03 | AK188: – | AL188: – | AM188: 12400 | AN188: 1480 | AO188: 1150 | AP188: 7.98 | AQ188: 4170 | AR188: 730 | AS188: 472 | AT188: 4.62 | AU188: – | AV188: – | AW188: – | AX188: 1120 | AY188: 305000 | AZ188: – | BA188: 75.6 | BB188: 1510 | BC188: – | BD188: – | BE188: 287 | BF188: 739 | BG188: – | BH188: – | BI188: – | BJ188: – | BK188: – | BL188: – | BM188: – | BN188: – | BO188: – | BP188: – | BQ188: – | BR188: – | BS188: – | BT188: – | BU188: – | BV188: – | BW188: 5.57 | BX188: 17.1 | BY188: 89.3 | BZ188: – | CA188: 107 | CB188: 60.9 | CC188: 78.6 | CD188: 10 | CE188: 7.5 | CF188: 3 | CG188: =Beams!$B$11/F188 -> 57.346939 | CH188: =Beams!$B$9/AO188 -> 9.773913 | CI188: =Beams!$C$9/AS188 -> 23.813559 | CJ188: =Beams!$B$8*BE188/(AQ188*2*T188) -> 85.574372 | CK188: =Beams!$C$8*BF188/(AM188*Q188) -> 236.70238 | CL188: =Beams!$B$12*T188/AX188 -> 45.361429 | CM188: =Beams!$B$12*Q188/AX188 -> 28.401071 | CN188: =SQRT( (CG188 + CH188 + CI188)^2 + 3 * ( CJ188^2 + CL188^2 ) ) -> 190.81657 | CO188: =SQRT( (CG188 + CH188 + CI188)^2 + 3 * ( CK188^2 + CM188^2 ) ) -> 422.81554 | CQ188: =MIN(Beams!$B$21:$B$22)/MAX(CN188:CP188)-1 -> 46.301951
A189: W | B189: W14X605 | C189: W14X605 | D189: T | E189: 605 | F189: 178 | G189: 20.9 | H189: 20.875 | I189: – | J189: – | K189: – | L189: 17.4 | M189: 17.375 | N189: – | O189: – | P189: – | Q189: 2.6 | R189: 2.625 | S189: 1.3125 | T189: 4.16 | U189: 4.1875 | V189: – | W189: – | X189: – | Y189: 4.76 | Z189: 5.4375 | AA189: 2.5 | AB189: – | AC189: – | AD189: – | AE189: – | AF189: – | AG189: 2.09 | AH189: – | AI189: – | AJ189: 4.39 | AK189: – | AL189: – | AM189: 10800 | AN189: 1320 | AO189: 1040 | AP189: 7.8 | AQ189: 3680 | AR189: 652 | AS189: 423 | AT189: 4.55 | AU189: – | AV189: – | AW189: – | AX189: 869 | AY189: 258000 | AZ189: – | BA189: 72.8 | BB189: 1320 | BC189: – | BD189: – | BE189: 258 | BF189: 657 | BG189: – | BH189: – | BI189: – | BJ189: – | BK189: – | BL189: – | BM189: – | BN189: – | BO189: – | BP189: – | BQ189: – | BR189: – | BS189: – | BT189: – | BU189: – | BV189: – | BW189: 5.44 | BX189: 16.7 | BY189: 87.6 | BZ189: – | CA189: 105 | CB189: 59.2 | CC189: 76.6 | CD189: 10 | CE189: 7.5 | CF189: 3 | CG189: =Beams!$B$11/F189 -> 63.146067 | CH189: =Beams!$B$9/AO189 -> 10.807692 | CI189: =Beams!$C$9/AS189 -> 26.572104 | CJ189: =Beams!$B$8*BE189/(AQ189*2*T189) -> 94.714151 | CK189: =Beams!$C$8*BF189/(AM189*Q189) -> 262.98718 | CL189: =Beams!$B$12*T189/AX189 -> 53.807135 | CM189: =Beams!$B$12*Q189/AX189 -> 33.629459 | CN189: =SQRT( (CG189 + CH189 + CI189)^2 + 3 * ( CJ189^2 + CL189^2 ) ) -> 213.7835 | CO189: =SQRT( (CG189 + CH189 + CI189)^2 + 3 * ( CK189^2 + CM189^2 ) ) -> 470.09046 | CQ189: =MIN(Beams!$B$21:$B$22)/MAX(CN189:CP189)-1 -> 41.545003
A190: W | B190: W14X550 | C190: W14X550 | D190: T | E190: 550 | F190: 162 | G190: 20.2 | H190: 20.25 | I190: – | J190: – | K190: – | L190: 17.2 | M190: 17.25 | N190: – | O190: – | P190: – | Q190: 2.38 | R190: 2.375 | S190: 1.1875 | T190: 3.82 | U190: 3.8125 | V190: – | W190: – | X190: – | Y190: 4.42 | Z190: 5.125 | AA190: 2.375 | AB190: – | AC190: – | AD190: – | AE190: – | AF190: – | AG190: 2.25 | AH190: – | AI190: – | AJ190: 4.79 | AK190: – | AL190: – | AM190: 9430 | AN190: 1180 | AO190: 931 | AP190: 7.63 | AQ190: 3250 | AR190: 583 | AS190: 378 | AT190: 4.49 | AU190: – | AV190: – | AW190: – | AX190: 669 | AY190: 219000 | AZ190: – | BA190: 70.4 | BB190: 1160 | BC190: – | BD190: – | BE190: 232 | BF190: 585 | BG190: – | BH190: – | BI190: – | BJ190: – | BK190: – | BL190: – | BM190: – | BN190: – | BO190: – | BP190: – | BQ190: – | BR190: – | BS190: – | BT190: – | BU190: – | BV190: – | BW190: 5.35 | BX190: 16.4 | BY190: 85.8 | BZ190: – | CA190: 103 | CB190: 57.6 | CC190: 74.8 | CD190: 10 | CE190: 7.5 | CF190: 3 | CG190: =Beams!$B$11/F190 -> 69.382716 | CH190: =Beams!$B$9/AO190 -> 12.07304 | CI190: =Beams!$C$9/AS190 -> 29.73545 | CJ190: =Beams!$B$8*BE190/(AQ190*2*T190) -> 105.02135 | CK190: =Beams!$C$8*BF190/(AM190*Q190) -> 292.977 | CL190: =Beams!$B$12*T190/AX190 -> 64.180568 | CM190: =Beams!$B$12*Q190/AX190 -> 39.986846 | CN190: =SQRT( (CG190 + CH190 + CI190)^2 + 3 * ( CJ190^2 + CL190^2 ) ) -> 240.43579 | CO190: =SQRT( (CG190 + CH190 + CI190)^2 + 3 * ( CK190^2 + CM190^2 ) ) -> 524.08672 | CQ190: =MIN(Beams!$B$21:$B$22)/MAX(CN190:CP190)-1 -> 37.161623
...

Sheet M
CG1: Axial | CH1: Bending Stress | CJ1: Shear Stress | CL1: Torsional Stress | CN1: Combined Stress | CQ1: Min MS
CG2: Stress | CH2: X-axis | CI2: Y-axis | CJ2: X-axis | CK2: Y-axis | CL2: Flange | CM2: Web | CN2: Flange | CO2: Web
A3: Type | B3: EDI_Std_Nomenclature | C3: AISC_Manual_Label | D3: T_F | E3: W | F3: A | G3: d | H3: ddet | I3: Ht | J3: h | K3: OD | L3: bf | M3: bfdet | N3: B | O3: b | P3: ID | Q3: tw | R3: twdet | S3: twdet/2 | T3: tf | U3: tfdet | V3: t | W3: tnom | X3: tdes | Y3: kdes | Z3: kdet | AA3: k1 | AB3: x | AC3: y | AD3: eo | AE3: xp | AF3: yp | AG3: bf/2tf | AH3: b/t | AI3: b/tdes | AJ3: h/tw | AK3: h/tdes | AL3: D/t | AM3: Ix | AN3: Zx | AO3: Sx | AP3: rx | AQ3: Iy | AR3: Zy | AS3: Sy | AT3: ry | AU3: Iz | AV3: rz | AW3: Sz | AX3: J | AY3: Cw | AZ3: C | BA3: Wno | BB3: Sw1 | BC3: Sw2 | BD3: Sw3 | BE3: Qf | BF3: Qw | BG3: ro | BH3: H | BI3: tan(α) | BJ3: Iw | BK3: zA | BL3: zB | BM3: zC | BN3: wA | BO3: wB | BP3: wC | BQ3: SwA | BR3: SwB | BS3: SwC | BT3: SzA | BU3: SzB | BV3: SzC | BW3: rts | BX3: ho | BY3: PA | BZ3: PA2 | CA3: PB | CB3: PC | CC3: PD | CD3: T | CE3: WGi | CF3: WGo
A4: M | B4: M12.5X12.4 | C4: M12.5X12.4 | D4: F | E4: 12.4 | F4: 3.63 | G4: 12.5 | H4: 12.5 | I4: – | J4: – | K4: – | L4: 3.75 | M4: 3.75 | N4: – | O4: – | P4: – | Q4: 0.155 | R4: 0.125 | S4: 0.0625 | T4: 0.228 | U4: 0.25 | V4: – | W4: – | X4: – | Y4: 0.563 | Z4: 0.5625 | AA4: 0.375 | AB4: – | AC4: – | AD4: – | AE4: – | AF4: – | AG4: 8.22 | AH4: – | AI4: – | AJ4: 74.8 | AK4: – | AL4: – | AM4: 89.3 | AN4: 16.5 | AO4: 14.2 | AP4: 4.96 | AQ4: 2.01 | AR4: 1.68 | AS4: 1.07 | AT4: 0.744 | AU4: – | AV4: – | AW4: – | AX4: 0.0493 | AY4: 76 | AZ4: – | BA4: 11.5 | BB4: 2.46 | BC4: – | BD4: – | BE4: 2.51 | BF4: 8.06 | BG4: – | BH4: – | BI4: – | BJ4: – | BK4: – | BL4: – | BM4: – | BN4: – | BO4: – | BP4: – | BQ4: – | BR4: – | BS4: – | BT4: – | BU4: – | BV4: – | BW4: 0.933 | BX4: 12.3 | BY4: 35.5 | BZ4: – | CA4: 39.3 | CB4: 28.8 | CC4: 32.5 | CD4: 11.375 | CE4: – | CF4: – | CG4: =Beams!$B$11/F4 -> 3096.4187 | CH4: =Beams!$B$9/AO4 -> 791.5493 | CI4: =Beams!$C$9/AS4 -> 10504.673 | CJ4: =Beams!$B$8*BE4/(AQ4*2*T4) -> 30780.745 | CK4: =Beams!$C$8*BF4/(AM4*Q4) -> 6545.1288 | CL4: =Beams!$B$12*T4/AX4 -> 51982.15 | CM4: =Beams!$B$12*Q4/AX4 -> 35338.742 | CN4: =SQRT( (CG4 + CH4 + CI4)^2 + 3 * ( CJ4^2 + CL4^2 ) ) -> 105621.7 | CO4: =SQRT( (CG4 + CH4 + CI4)^2 + 3 * ( CK4^2 + CM4^2 ) ) -> 63891.661 | CQ4: =MIN(Beams!$B$21:$B$22)/MAX(CN4:CP4)-1 -> -0.81064497
A5: M | B5: M12.5X11.6 | C5: M12.5X11.6 | D5: F | E5: 11.6 | F5: 3.4 | G5: 12.5 | H5: 12.5 | I5: – | J5: – | K5: – | L5: 3.5 | M5: 3.5 | N5: – | O5: – | P5: – | Q5: 0.155 | R5: 0.125 | S5: 0.0625 | T5: 0.211 | U5: 0.1875 | V5: – | W5: – | X5: – | Y5: 0.563 | Z5: 0.5625 | AA5: 0.375 | AB5: – | AC5: – | AD5: – | AE5: – | AF5: – | AG5: 8.29 | AH5: – | AI5: – | AJ5: 74.8 | AK5: – | AL5: – | AM5: 80.3 | AN5: 15 | AO5: 12.8 | AP5: 4.86 | AQ5: 1.51 | AR5: 1.37 | AS5: 0.864 | AT5: 0.667 | AU5: – | AV5: – | AW5: – | AX5: 0.0414 | AY5: 57.1 | AZ5: – | BA5: 10.8 | BB5: 1.99 | BC5: – | BD5: – | BE5: 2.17 | BF5: 7.36 | BG5: – | BH5: – | BI5: – | BJ5: – | BK5: – | BL5: – | BM5: – | BN5: – | BO5: – | BP5: – | BQ5: – | BR5: – | BS5: – | BT5: – | BU5: – | BV5: – | BW5: 0.852 | BX5: 12.3 | BY5: 34.8 | BZ5: – | CA5: 38.3 | CB5: 28.5 | CC5: 32 | CD5: 11.375 | CE5: – | CF5: – | CG5: =Beams!$B$11/F5 -> 3305.8824 | CH5: =Beams!$B$9/AO5 -> 878.125 | CI5: =Beams!$C$9/AS5 -> 13009.259 | CJ5: =Beams!$B$8*BE5/(AQ5*2*T5) -> 38276.89 | CK5: =Beams!$C$8*BF5/(AM5*Q5) -> 6646.5593 | CL5: =Beams!$B$12*T5/AX5 -> 57285.99 | CM5: =Beams!$B$12*Q5/AX5 -> 42082.126 | CN5: =SQRT( (CG5 + CH5 + CI5)^2 + 3 * ( CJ5^2 + CL5^2 ) ) -> 120565.43 | CO5: =SQRT( (CG5 + CH5 + CI5)^2 + 3 * ( CK5^2 + CM5^2 ) ) -> 75768.427 | CQ5: =MIN(Beams!$B$21:$B$22)/MAX(CN5:CP5)-1 -> -0.83411497
A6: M | B6: M12X11.8 | C6: M12X11.8 | D6: F | E6: 11.8 | F6: 3.47 | G6: 12 | H6: 12 | I6: – | J6: – | K6: – | L6: 3.07 | M6: 3.125 | N6: – | O6: – | P6: – | Q6: 0.177 | R6: 0.1875 | S6: 0.125 | T6: 0.225 | U6: 0.25 | V6: – | W6: – | X6: – | Y6: 0.563 | Z6: 0.5625 | AA6: 0.375 | AB6: – | AC6: – | AD6: – | AE6: – | AF6: – | AG6: 6.81 | AH6: – | AI6: – | AJ6: 62.5 | AK6: – | AL6: – | AM6: 72.2 | AN6: 14.3 | AO6: 12 | AP6: 4.56 | AQ6: 1.09 | AR6: 1.15 | AS6: 0.709 | AT6: 0.559 | AU6: – | AV6: – | AW6: – | AX6: 0.05 | AY6: 37.7 | AZ6: – | BA6: 9.04 | BB6: 1.56 | BC6: – | BD6: – | BE6: 1.92 | BF6: 7.02 | BG6: – | BH6: – | BI6: – | BJ6: – | BK6: – | BL6: – | BM6: – | BN6: – | BO6: – | BP6: – | BQ6: – | BR6: – | BS6: – | BT6: – | BU6: – | BV6: – | BW6: 0.731 | BX6: 11.8 | BY6: 32.4 | BZ6: – | CA6: 35.5 | CB6: 27.1 | CC6: 30.1 | CD6: 10.875 | CE6: – | CF6: – | CG6: =Beams!$B$11/F6 -> 3239.1931 | CH6: =Beams!$B$9/AO6 -> 936.66667 | CI6: =Beams!$C$9/AS6 -> 15853.315 | CJ6: =Beams!$B$8*BE6/(AQ6*2*T6) -> 43997.554 | CK6: =Beams!$C$8*BF6/(AM6*Q6) -> 6174.3744 | CL6: =Beams!$B$12*T6/AX6 -> 50580 | CM6: =Beams!$B$12*Q6/AX6 -> 39789.6 | CN6: =SQRT( (CG6 + CH6 + CI6)^2 + 3 * ( CJ6^2 + CL6^2 ) ) -> 117828.4 | CO6: =SQRT( (CG6 + CH6 + CI6)^2 + 3 * ( CK6^2 + CM6^2 ) ) -> 72561.514 | CQ6: =MIN(Beams!$B$21:$B$22)/MAX(CN6:CP6)-1 -> -0.83026163
A7: M | B7: M12X10.8 | C7: M12X10.8 | D7: F | E7: 10.8 | F7: 3.18 | G7: 12 | H7: 12 | I7: – | J7: – | K7: – | L7: 3.07 | M7: 3.125 | N7: – | O7: – | P7: – | Q7: 0.16 | R7: 0.1875 | S7: 0.125 | T7: 0.21 | U7: 0.1875 | V7: – | W7: – | X7: – | Y7: 0.563 | Z7: 0.5625 | AA7: 0.375 | AB7: – | AC7: – | AD7: – | AE7: – | AF7: – | AG7: 7.3 | AH7: – | AI7: – | AJ7: 69.2 | AK7: – | AL7: – | AM7: 66.7 | AN7: 13.2 | AO7: 11.1 | AP7: 4.58 | AQ7: 1.01 | AR7: 1.07 | AS7: 0.661 | AT7: 0.564 | AU7: – | AV7: – | AW7: – | AX7: 0.0393 | AY7: 35 | AZ7: – | BA7: 9.05 | BB7: 1.46 | BC7: – | BD7: – | BE7: 1.8 | BF7: 6.48 | BG7: – | BH7: – | BI7: – | BJ7: – | BK7: – | BL7: – | BM7: – | BN7: – | BO7: – | BP7: – | BQ7: – | BR7: – | BS7: – | BT7: – | BU7: – | BV7: – | BW7: 0.732 | BX7: 11.8 | BY7: 32.4 | BZ7: – | CA7: 35.5 | CB7: 27 | CC7: 30.1 | CD7: 10.875 | CE7: – | CF7: – | CG7: =Beams!$B$11/F7 -> 3534.5912 | CH7: =Beams!$B$9/AO7 -> 1012.6126 | CI7: =Beams!$C$9/AS7 -> 17004.539 | CJ7: =Beams!$B$8*BE7/(AQ7*2*T7) -> 47694.484 | CK7: =Beams!$C$8*BF7/(AM7*Q7) -> 6824.8876 | CL7: =Beams!$B$12*T7/AX7 -> 60061.069 | CM7: =Beams!$B$12*Q7/AX7 -> 45760.814 | CN7: =SQRT( (CG7 + CH7 + CI7)^2 + 3 * ( CJ7^2 + CL7^2 ) ) -> 134576.24 | CO7: =SQRT( (CG7 + CH7 + CI7)^2 + 3 * ( CK7^2 + CM7^2 ) ) -> 82984.163 | CQ7: =MIN(Beams!$B$21:$B$22)/MAX(CN7:CP7)-1 -> -0.85138536
A8: M | B8: M12X10 | C8: M12X10 | D8: F | E8: 10 | F8: 2.95 | G8: 12 | H8: 12 | I8: – | J8: – | K8: – | L8: 3.25 | M8: 3.25 | N8: – | O8: – | P8: – | Q8: 0.149 | R8: 0.125 | S8: 0.0625 | T8: 0.18 | U8: 0.1875 | V8: – | W8: – | X8: – | Y8: 0.5 | Z8: 0.5 | AA8: 0.375 | AB8: – | AC8: – | AD8: – | AE8: – | AF8: – | AG8: 9.03 | AH8: – | AI8: – | AJ8: 74.7 | AK8: – | AL8: – | AM8: 61.7 | AN8: 12.2 | AO8: 10.3 | AP8: 4.57 | AQ8: 1.03 | AR8: 1.02 | AS8: 0.636 | AT8: 0.592 | AU8: – | AV8: – | AW8: – | AX8: 0.0292 | AY8: 35.9 | AZ8: – | BA8: 9.6 | BB8: 1.4 | BC8: – | BD8: – | BE8: 1.65 | BF8: 5.98 | BG8: – | BH8: – | BI8: – | BJ8: – | BK8: – | BL8: – | BM8: – | BN8: – | BO8: – | BP8: – | BQ8: – | BR8: – | BS8: – | BT8: – | BU8: – | BV8: – | BW8: 0.768 | BX8: 11.8 | BY8: 33 | BZ8: – | CA8: 36.2 | CB8: 27.2 | CC8: 30.4 | CD8: 11 | CE8: – | CF8: – | CG8: =Beams!$B$11/F8 -> 3810.1695 | CH8: =Beams!$B$9/AO8 -> 1091.2621 | CI8: =Beams!$C$9/AS8 -> 17672.956 | CJ8: =Beams!$B$8*BE8/(AQ8*2*T8) -> 50016.181 | CK8: =Beams!$C$8*BF8/(AM8*Q8) -> 7311.3246 | CL8: =Beams!$B$12*T8/AX8 -> 69287.671 | CM8: =Beams!$B$12*Q8/AX8 -> 57354.795 | CN8: =SQRT( (CG8 + CH8 + CI8)^2 + 3 * ( CJ8^2 + CL8^2 ) ) -> 149722.42 | CO8: =SQRT( (CG8 + CH8 + CI8)^2 + 3 * ( CK8^2 + CM8^2 ) ) -> 102658.11 | CQ8: =MIN(Beams!$B$21:$B$22)/MAX(CN8:CP8)-1 -> -0.86641947
A9: M | B9: M10X9 | C9: M10X9 | D9: F | E9: 9 | F9: 2.65 | G9: 10 | H9: 10 | I9: – | J9: – | K9: – | L9: 2.69 | M9: 2.75 | N9: – | O9: – | P9: – | Q9: 0.157 | R9: 0.1875 | S9: 0.125 | T9: 0.206 | U9: 0.1875 | V9: – | W9: – | X9: – | Y9: 0.563 | Z9: 0.5625 | AA9: 0.375 | AB9: – | AC9: – | AD9: – | AE9: – | AF9: – | AG9: 6.53 | AH9: – | AI9: – | AJ9: 58.4 | AK9: – | AL9: – | AM9: 39 | AN9: 9.22 | AO9: 7.79 | AP9: 3.83 | AQ9: 0.672 | AR9: 0.809 | AS9: 0.5 | AT9: 0.503 | AU9: – | AV9: – | AW9: – | AX9: 0.0314 | AY9: 16.1 | AZ9: – | BA9: 6.59 | BB9: 0.91 | BC9: – | BD9: – | BE9: 1.28 | BF9: 4.52 | BG9: – | BH9: – | BI9: – | BJ9: – | BK9: – | BL9: – | BM9: – | BN9: – | BO9: – | BP9: – | BQ9: – | BR9: – | BS9: – | BT9: – | BU9: – | BV9: – | BW9: 0.65 | BX9: 9.79 | BY9: 27.4 | BZ9: – | CA9: 30.1 | CB9: 22.7 | CC9: 25.4 | CD9: 8.875 | CE9: – | CF9: – | CG9: =Beams!$B$11/F9 -> 4241.5094 | CH9: =Beams!$B$9/AO9 -> 1442.8755 | CI9: =Beams!$C$9/AS9 -> 22480 | CJ9: =Beams!$B$8*BE9/(AQ9*2*T9) -> 51964.864 | CK9: =Beams!$C$8*BF9/(AM9*Q9) -> 8297.3706 | CL9: =Beams!$B$12*T9/AX9 -> 73740.127 | CM9: =Beams!$B$12*Q9/AX9 -> 56200 | CN9: =SQRT( (CG9 + CH9 + CI9)^2 + 3 * ( CJ9^2 + CL9^2 ) ) -> 158767.42 | CO9: =SQRT( (CG9 + CH9 + CI9)^2 + 3 * ( CK9^2 + CM9^2 ) ) -> 102347.9 | CQ9: =MIN(Beams!$B$21:$B$22)/MAX(CN9:CP9)-1 -> -0.87402957
A10: M | B10: M10X8 | C10: M10X8 | D10: F | E10: 8 | F10: 2.37 | G10: 9.95 | H10: 10 | I10: – | J10: – | K10: – | L10: 2.69 | M10: 2.75 | N10: – | O10: – | P10: – | Q10: 0.141 | R10: 0.125 | S10: 0.0625 | T10: 0.182 | U10: 0.1875 | V10: – | W10: – | X10: – | Y10: 0.563 | Z10: 0.5625 | AA10: 0.375 | AB10: – | AC10: – | AD10: – | AE10: – | AF10: – | AG10: 7.39 | AH10: – | AI10: – | AJ10: 65 | AK10: – | AL10: – | AM10: 34.6 | AN10: 8.2 | AO10: 6.95 | AP10: 3.82 | AQ10: 0.593 | AR10: 0.711 | AS10: 0.441 | AT10: 0.5 | AU10: – | AV10: – | AW10: – | AX10: 0.0224 | AY10: 14.2 | AZ10: – | BA10: 6.57 | BB10: 0.8 | BC10: – | BD10: – | BE10: 1.13 | BF10: 4.01 | BG10: – | BH10: – | BI10: – | BJ10: – | BK10: – | BL10: – | BM10: – | BN10: – | BO10: – | BP10: – | BQ10: – | BR10: – | BS10: – | BT10: – | BU10: – | BV10: – | BW10: 0.646 | BX10: 9.77 | BY10: 27.3 | BZ10: – | CA10: 30 | CB10: 22.6 | CC10: 25.3 | CD10: 8.875 | CE10: – | CF10: – | CG10: =Beams!$B$11/F10 -> 4742.616 | CH10: =Beams!$B$9/AO10 -> 1617.2662 | CI10: =Beams!$C$9/AS10 -> 25487.528 | CJ10: =Beams!$B$8*BE10/(AQ10*2*T10) -> 58842.17 | CK10: =Beams!$C$8*BF10/(AM10*Q10) -> 9238.798 | CL10: =Beams!$B$12*T10/AX10 -> 91325 | CM10: =Beams!$B$12*Q10/AX10 -> 70751.786 | CN10: =SQRT( (CG10 + CH10 + CI10)^2 + 3 * ( CJ10^2 + CL10^2 ) ) -> 190846.08 | CO10: =SQRT( (CG10 + CH10 + CI10)^2 + 3 * ( CK10^2 + CM10^2 ) ) -> 127623.55 | CQ10: =MIN(Beams!$B$21:$B$22)/MAX(CN10:CP10)-1 -> -0.89520351
A11: M | B11: M10X7.5 | C11: M10X7.5 | D11: F | E11: 7.5 | F11: 2.22 | G11: 9.99 | H11: 10 | I11: – | J11: – | K11: – | L11: 2.69 | M11: 2.75 | N11: – | O11: – | P11: – | Q11: 0.13 | R11: 0.125 | S11: 0.0625 | T11: 0.173 | U11: 0.1875 | V11: – | W11: – | X11: – | Y11: 0.438 | Z11: 0.4375 | AA11: 0.3125 | AB11: – | AC11: – | AD11: – | AE11: – | AF11: – | AG11: 7.77 | AH11: – | AI11: – | AJ11: 71 | AK11: – | AL11: – | AM11: 33 | AN11: 7.77 | AO11: 6.6 | AP11: 3.85 | AQ11: 0.562 | AR11: 0.67 | AS11: 0.418 | AT11: 0.503 | AU11: – | AV11: – | AW11: – | AX11: 0.0187 | AY11: 13.5 | AZ11: – | BA11: 6.6 | BB11: 0.77 | BC11: – | BD11: – | BE11: 1.09 | BF11: 3.8 | BG11: – | BH11: – | BI11: – | BJ11: – | BK11: – | BL11: – | BM11: – | BN11: – | BO11: – | BP11: – | BQ11: – | BR11: – | BS11: – | BT11: – | BU11: – | BV11: – | BW11: 0.646 | BX11: 9.82 | BY11: 27.4 | BZ11: – | CA11: 30.1 | CB11: 22.7 | CC11: 25.4 | CD11: 9.125 | CE11: – | CF11: – | CG11: =Beams!$B$11/F11 -> 5063.0631 | CH11: =Beams!$B$9/AO11 -> 1703.0303 | CI11: =Beams!$C$9/AS11 -> 26889.952 | CJ11: =Beams!$B$8*BE11/(AQ11*2*T11) -> 63005.78 | CK11: =Beams!$C$8*BF11/(AM11*Q11) -> 9956.1772 | CL11: =Beams!$B$12*T11/AX11 -> 103985.03 | CM11: =Beams!$B$12*Q11/AX11 -> 78139.037 | CN11: =SQRT( (CG11 + CH11 + CI11)^2 + 3 * ( CJ11^2 + CL11^2 ) ) -> 213261.74 | CO11: =SQRT( (CG11 + CH11 + CI11)^2 + 3 * ( CK11^2 + CM11^2 ) ) -> 140524.85 | CQ11: =MIN(Beams!$B$21:$B$22)/MAX(CN11:CP11)-1 -> -0.90621853
A12: M | B12: M8X6.5 | C12: M8X6.5 | D12: F | E12: 6.5 | F12: 1.92 | G12: 8 | H12: 8 | I12: – | J12: – | K12: – | L12: 2.28 | M12: 2.25 | N12: – | O12: – | P12: – | Q12: 0.135 | R12: 0.125 | S12: 0.0625 | T12: 0.189 | U12: 0.1875 | V12: – | W12: – | X12: – | Y12: 0.563 | Z12: 0.5625 | AA12: 0.375 | AB12: – | AC12: – | AD12: – | AE12: – | AF12: – | AG12: 6.03 | AH12: – | AI12: – | AJ12: 53.8 | AK12: – | AL12: – | AM12: 18.5 | AN12: 5.43 | AO12: 4.63 | AP12: 3.11 | AQ12: 0.376 | AR12: 0.529 | AS12: 0.329 | AT12: 0.443 | AU12: – | AV12: – | AW12: – | AX12: 0.0184 | AY12: 5.73 | AZ12: – | BA12: 4.45 | BB12: 0.48 | BC12: – | BD12: – | BE12: 0.79 | BF12: 2.66 | BG12: – | BH12: – | BI12: – | BJ12: – | BK12: – | BL12: – | BM12: – | BN12: – | BO12: – | BP12: – | BQ12: – | BR12: – | BS12: – | BT12: – | BU12: – | BV12: – | BW12: 0.563 | BX12: 7.81 | BY12: 22.3 | BZ12: – | CA12: 24.5 | CB12: 18.3 | CC12: 20.6 | CD12: 6.875 | CE12: – | CF12: – | CG12: =Beams!$B$11/F12 -> 5854.1667 | CH12: =Beams!$B$9/AO12 -> 2427.6458 | CI12: =Beams!$C$9/AS12 -> 34164.134 | CJ12: =Beams!$B$8*BE12/(AQ12*2*T12) -> 62476.078 | CK12: =Beams!$C$8*BF12/(AM12*Q12) -> 11971.331 | CL12: =Beams!$B$12*T12/AX12 -> 115454.35 | CM12: =Beams!$B$12*Q12/AX12 -> 82467.391 | CN12: =SQRT( (CG12 + CH12 + CI12)^2 + 3 * ( CJ12^2 + CL12^2 ) ) -> 231301.88 | CO12: =SQRT( (CG12 + CH12 + CI12)^2 + 3 * ( CK12^2 + CM12^2 ) ) -> 150446.7 | CQ12: =MIN(Beams!$B$21:$B$22)/MAX(CN12:CP12)-1 -> -0.91353291
A13: M | B13: M8X6.2 | C13: M8X6.2 | D13: F | E13: 6.2 | F13: 1.82 | G13: 8 | H13: 8 | I13: – | J13: – | K13: – | L13: 2.28 | M13: 2.25 | N13: – | O13: – | P13: – | Q13: 0.129 | R13: 0.125 | S13: 0.0625 | T13: 0.177 | U13: 0.1875 | V13: – | W13: – | X13: – | Y13: 0.438 | Z13: 0.4375 | AA13: 0.25 | AB13: – | AC13: – | AD13: – | AE13: – | AF13: – | AG13: 6.44 | AH13: – | AI13: – | AJ13: 56.5 | AK13: – | AL13: – | AM13: 17.6 | AN13: 5.15 | AO13: 4.39 | AP13: 3.1 | AQ13: 0.352 | AR13: 0.495 | AS13: 0.308 | AT13: 0.439 | AU13: – | AV13: – | AW13: – | AX13: 0.0156 | AY13: 5.38 | AZ13: – | BA13: 4.46 | BB13: 0.45 | BC13: – | BD13: – | BE13: 0.74 | BF13: 2.52 | BG13: – | BH13: – | BI13: – | BJ13: – | BK13: – | BL13: – | BM13: – | BN13: – | BO13: – | BP13: – | BQ13: – | BR13: – | BS13: – | BT13: – | BU13: – | BV13: – | BW13: 0.56 | BX13: 7.82 | BY13: 22.3 | BZ13: – | CA13: 24.6 | CB13: 18.3 | CC13: 20.6 | CD13: 7.125 | CE13: – | CF13: – | CG13: =Beams!$B$11/F13 -> 6175.8242 | CH13: =Beams!$B$9/AO13 -> 2560.3645 | CI13: =Beams!$C$9/AS13 -> 36493.506 | CJ13: =Beams!$B$8*BE13/(AQ13*2*T13) -> 66750.128 | CK13: =Beams!$C$8*BF13/(AM13*Q13) -> 12475.687 | CL13: =Beams!$B$12*T13/AX13 -> 127530.77 | CM13: =Beams!$B$12*Q13/AX13 -> 92946.154 | CN13: =SQRT( (CG13 + CH13 + CI13)^2 + 3 * ( CJ13^2 + CL13^2 ) ) -> 253386.57 | CO13: =SQRT( (CG13 + CH13 + CI13)^2 + 3 * ( CK13^2 + CM13^2 ) ) -> 168610.84 | CQ13: =MIN(Beams!$B$21:$B$22)/MAX(CN13:CP13)-1 -> -0.92106922
A14: M | B14: M6X4.4 | C14: M6X4.4 | D14: F | E14: 4.4 | F14: 1.29 | G14: 6 | H14: 6 | I14: – | J14: – | K14: – | L14: 1.84 | M14: 1.875 | N14: – | O14: – | P14: – | Q14: 0.114 | R14: 0.125 | S14: 0.0625 | T14: 0.171 | U14: 0.1875 | V14: – | W14: – | X14: – | Y14: 0.375 | Z14: 0.375 | AA14: 0.25 | AB14: – | AC14: – | AD14: – | AE14: – | AF14: – | AG14: 5.39 | AH14: – | AI14: – | AJ14: 47 | AK14: – | AL14: – | AM14: 7.23 | AN14: 2.8 | AO14: 2.41 | AP14: 2.36 | AQ14: 0.18 | AR14: 0.311 | AS14: 0.195 | AT14: 0.372 | AU14: – | AV14: – | AW14: – | AX14: 0.0099 | AY14: 1.53 | AZ14: – | BA14: 2.68 | BB14: 0.21 | BC14: – | BD14: – | BE14: 0.43 | BF14: 1.37 | BG14: – | BH14: – | BI14: – | BJ14: – | BK14: – | BL14: – | BM14: – | BN14: – | BO14: – | BP14: – | BQ14: – | BR14: – | BS14: – | BT14: – | BU14: – | BV14: – | BW14: 0.467 | BX14: 5.83 | BY14: 17 | BZ14: – | CA14: 18.9 | CB14: 13.8 | CC14: 15.7 | CD14: 5.25 | CE14: – | CF14: – | CG14: =Beams!$B$11/F14 -> 8713.1783 | CH14: =Beams!$B$9/AO14 -> 4663.9004 | CI14: =Beams!$C$9/AS14 -> 57641.026 | CJ14: =Beams!$B$8*BE14/(AQ14*2*T14) -> 78512.021 | CK14: =Beams!$C$8*BF14/(AM14*Q14) -> 18682.876 | CL14: =Beams!$B$12*T14/AX14 -> 194145.45 | CM14: =Beams!$B$12*Q14/AX14 -> 129430.3 | CN14: =SQRT( (CG14 + CH14 + CI14)^2 + 3 * ( CJ14^2 + CL14^2 ) ) -> 369612.44 | CO14: =SQRT( (CG14 + CH14 + CI14)^2 + 3 * ( CK14^2 + CM14^2 ) ) -> 237375.93 | CQ14: =MIN(Beams!$B$21:$B$22)/MAX(CN14:CP14)-1 -> -0.94588927
A15: M | B15: M6X3.7 | C15: M6X3.7 | D15: F | E15: 3.7 | F15: 1.09 | G15: 5.92 | H15: 5.875 | I15: – | J15: – | K15: – | L15: 2 | M15: 2 | N15: – | O15: – | P15: – | Q15: 0.098 | R15: 0.125 | S15: 0.0625 | T15: 0.129 | U15: 0.125 | V15: – | W15: – | X15: – | Y15: 0.313 | Z15: 0.3125 | AA15: 0.25 | AB15: – | AC15: – | AD15: – | AE15: – | AF15: – | AG15: 7.75 | AH15: – | AI15: – | AJ15: 54.7 | AK15: – | AL15: – | AM15: 5.96 | AN15: 2.33 | AO15: 2.01 | AP15: 2.34 | AQ15: 0.173 | AR15: 0.273 | AS15: 0.173 | AT15: 0.398 | AU15: – | AV15: – | AW15: – | AX15: 0.0053 | AY15: 1.45 | AZ15: – | BA15: 2.9 | BB15: 0.19 | BC15: – | BD15: – | BE15: 0.36 | BF15: 1.14 | BG15: – | BH15: – | BI15: – | BJ15: – | BK15: – | BL15: – | BM15: – | BN15: – | BO15: – | BP15: – | BQ15: – | BR15: – | BS15: – | BT15: – | BU15: – | BV15: – | BW15: 0.499 | BX15: 5.79 | BY15: 17.4 | BZ15: – | CA15: 19.4 | CB15: 13.8 | CC15: 15.8 | CD15: 5.25 | CE15: – | CF15: – | CG15: =Beams!$B$11/F15 -> 10311.927 | CH15: =Beams!$B$9/AO15 -> 5592.0398 | CI15: =Beams!$C$9/AS15 -> 64971.098 | CJ15: =Beams!$B$8*BE15/(AQ15*2*T15) -> 90657.346 | CK15: =Beams!$C$8*BF15/(AM15*Q15) -> 21938.091 | CL15: =Beams!$B$12*T15/AX15 -> 273577.36 | CM15: =Beams!$B$12*Q15/AX15 -> 207833.96 | CN15: =SQRT( (CG15 + CH15 + CI15)^2 + 3 * ( CJ15^2 + CL15^2 ) ) -> 505698.28 | CO15: =SQRT( (CG15 + CH15 + CI15)^2 + 3 * ( CK15^2 + CM15^2 ) ) -> 370903.6 | CQ15: =MIN(Beams!$B$21:$B$22)/MAX(CN15:CP15)-1 -> -0.96045073
A16: M | B16: M5X18.9 | C16: M5X18.9 | D16: T | E16: 18.9 | F16: 5.56 | G16: 5 | H16: 5 | I16: – | J16: – | K16: – | L16: 5 | M16: 5 | N16: – | O16: – | P16: – | Q16: 0.316 | R16: 0.3125 | S16: 0.1875 | T16: 0.416 | U16: 0.4375 | V16: – | W16: – | X16: – | Y16: 0.813 | Z16: 0.8125 | AA16: 0.5 | AB16: – | AC16: – | AD16: – | AE16: – | AF16: – | AG16: 6.01 | AH16: – | AI16: – | AJ16: 11.2 | AK16: – | AL16: – | AM16: 24.2 | AN16: 11.1 | AO16: 9.67 | AP16: 2.08 | AQ16: 8.7 | AR16: 5.33 | AS16: 3.48 | AT16: 1.25 | AU16: – | AV16: – | AW16: – | AX16: 0.313 | AY16: 45.7 | AZ16: – | BA16: 5.73 | BB16: 2.98 | BC16: – | BD16: – | BE16: 2.23 | BF16: 5.45 | BG16: – | BH16: – | BI16: – | BJ16: – | BK16: – | BL16: – | BM16: – | BN16: – | BO16: – | BP16: – | BQ16: – | BR16: – | BS16: – | BT16: – | BU16: – | BV16: – | BW16: 1.44 | BX16: 4.58 | BY16: 23.8 | BZ16: – | CA16: 28.8 | CB16: 15 | CC16: 20 | CD16: 3.375 | CE16: 2.75 | CF16: – | CG16: =Beams!$B$11/F16 -> 2021.5827 | CH16: =Beams!$B$9/AO16 -> 1162.3578 | CI16: =Beams!$C$9/AS16 -> 3229.8851 | CJ16: =Beams!$B$8*BE16/(AQ16*2*T16) -> 3462.8095 | CK16: =Beams!$C$8*BF16/(AM16*Q16) -> 8010.5137 | CL16: =Beams!$B$12*T16/AX16 -> 14938.786 | CM16: =Beams!$B$12*Q16/AX16 -> 11347.732 | CN16: =SQRT( (CG16 + CH16 + CI16)^2 + 3 * ( CJ16^2 + CL16^2 ) ) -> 27324.207 | CO16: =SQRT( (CG16 + CH16 + CI16)^2 + 3 * ( CK16^2 + CM16^2 ) ) -> 24898.899 | CQ16: =MIN(Beams!$B$21:$B$22)/MAX(CN16:CP16)-1 -> -0.26804829
A17: M | B17: M4X6 | C17: M4X6 | D17: F | E17: 6 | F17: 1.75 | G17: 3.8 | H17: 3.75 | I17: – | J17: – | K17: – | L17: 3.8 | M17: 3.75 | N17: – | O17: – | P17: – | Q17: 0.13 | R17: 0.125 | S17: 0.0625 | T17: 0.16 | U17: 0.1875 | V17: – | W17: – | X17: – | Y17: 0.5 | Z17: 0.5 | AA17: 0.375 | AB17: – | AC17: – | AD17: – | AE17: – | AF17: – | AG17: 11.9 | AH17: – | AI17: – | AJ17: 22 | AK17: – | AL17: – | AM17: 4.72 | AN17: 2.74 | AO17: 2.48 | AP17: 1.64 | AQ17: 1.47 | AR17: 1.18 | AS17: 0.771 | AT17: 0.915 | AU17: – | AV17: – | AW17: – | AX17: 0.0184 | AY17: 4.87 | AZ17: – | BA17: 3.46 | BB17: 0.53 | BC17: – | BD17: – | BE17: 0.53 | BF17: 1.3 | BG17: – | BH17: – | BI17: – | BJ17: – | BK17: – | BL17: – | BM17: – | BN17: – | BO17: – | BP17: – | BQ17: – | BR17: – | BS17: – | BT17: – | BU17: – | BV17: – | BW17: 1.04 | BX17: 3.64 | BY17: 18.2 | BZ17: – | CA17: 22 | CB17: 11.4 | CC17: 15.2 | CD17: 2.75 | CE17: – | CF17: – | CG17: =Beams!$B$11/F17 -> 6422.8571 | CH17: =Beams!$B$9/AO17 -> 4532.2581 | CI17: =Beams!$C$9/AS17 -> 14578.47 | CJ17: =Beams!$B$8*BE17/(AQ17*2*T17) -> 12664.116 | CK17: =Beams!$C$8*BF17/(AM17*Q17) -> 23813.559 | CL17: =Beams!$B$12*T17/AX17 -> 97739.13 | CM17: =Beams!$B$12*Q17/AX17 -> 79413.043 | CN17: =SQRT( (CG17 + CH17 + CI17)^2 + 3 * ( CJ17^2 + CL17^2 ) ) -> 172603.35 | CO17: =SQRT( (CG17 + CH17 + CI17)^2 + 3 * ( CK17^2 + CM17^2 ) ) -> 145851 | CQ17: =MIN(Beams!$B$21:$B$22)/MAX(CN17:CP17)-1 -> -0.88412739
A18: M | B18: M4X4.08 | C18: M4X4.08 | D18: F | E18: 4.08 | F18: 1.27 | G18: 4 | H18: 4 | I18: – | J18: – | K18: – | L18: 2.25 | M18: 2.25 | N18: – | O18: – | P18: – | Q18: 0.115 | R18: 0.125 | S18: 0.0625 | T18: 0.17 | U18: 0.1875 | V18: – | W18: – | X18: – | Y18: 0.563 | Z18: 0.5625 | AA18: 0.375 | AB18: – | AC18: – | AD18: – | AE18: – | AF18: – | AG18: 6.62 | AH18: – | AI18: – | AJ18: 26.4 | AK18: – | AL18: – | AM18: 3.53 | AN18: 2 | AO18: 1.77 | AP18: 1.67 | AQ18: 0.325 | AR18: 0.453 | AS18: 0.289 | AT18: 0.506 | AU18: – | AV18: – | AW18: – | AX18: 0.0147 | AY18: 1.19 | AZ18: – | BA18: 2.15 | BB18: 0.21 | BC18: – | BD18: – | BE18: 0.35 | BF18: 0.93 | BG18: – | BH18: – | BI18: – | BJ18: – | BK18: – | BL18: – | BM18: – | BN18: – | BO18: – | BP18: – | BQ18: – | BR18: – | BS18: – | BT18: – | BU18: – | BV18: – | BW18: 0.593 | BX18: 3.83 | BY18: 14 | BZ18: – | CA18: 16.2 | CB18: 10.3 | CC18: 12.5 | CD18: 2.875 | CE18: – | CF18: – | CG18: =Beams!$B$11/F18 -> 8850.3937 | CH18: =Beams!$B$9/AO18 -> 6350.2825 | CI18: =Beams!$C$9/AS18 -> 38892.734 | CJ18: =Beams!$B$8*BE18/(AQ18*2*T18) -> 35601.81 | CK18: =Beams!$C$8*BF18/(AM18*Q18) -> 25749.969 | CL18: =Beams!$B$12*T18/AX18 -> 129986.39 | CM18: =Beams!$B$12*Q18/AX18 -> 87931.973 | CN18: =SQRT( (CG18 + CH18 + CI18)^2 + 3 * ( CJ18^2 + CL18^2 ) ) -> 239620.43 | CO18: =SQRT( (CG18 + CH18 + CI18)^2 + 3 * ( CK18^2 + CM18^2 ) ) -> 167664.47 | CQ18: =MIN(Beams!$B$21:$B$22)/MAX(CN18:CP18)-1 -> -0.91653466
A19: M | B19: M3X2.9 | C19: M3X2.9 | D19: F | E19: 2.9 | F19: 0.914 | G19: 3 | H19: 3 | I19: – | J19: – | K19: – | L19: 2.25 | M19: 2.25 | N19: – | O19: – | P19: – | Q19: 0.09 | R19: 0.0625 | S19: 0.0625 | T19: 0.13 | U19: 0.125 | V19: – | W19: – | X19: – | Y19: 0.5 | Z19: 0.5 | AA19: 0.375 | AB19: – | AC19: – | AD19: – | AE19: – | AF19: – | AG19: 8.65 | AH19: – | AI19: – | AJ19: 23.6 | AK19: – | AL19: – | AM19: 1.5 | AN19: 1.12 | AO19: 1 | AP19: 1.28 | AQ19: 0.248 | AR19: 0.344 | AS19: 0.221 | AT19: 0.521 | AU19: – | AV19: – | AW19: – | AX19: 0.0079 | AY19: 0.511 | AZ19: – | BA19: 1.61 | BB19: 0.12 | BC19: – | BD19: – | BE19: 0.2 | BF19: 0.5 | BG19: – | BH19: – | BI19: – | BJ19: – | BK19: – | BL19: – | BM19: – | BN19: – | BO19: – | BP19: – | BQ19: – | BR19: – | BS19: – | BT19: – | BU19: – | BV19: – | BW19: 0.597 | BX19: 2.87 | BY19: 12 | BZ19: – | CA19: 14.3 | CB19: 8.25 | CC19: 10.5 | CD19: 2 | CE19: – | CF19: – | CG19: =Beams!$B$11/F19 -> 12297.593 | CH19: =Beams!$B$9/AO19 -> 11240 | CI19: =Beams!$C$9/AS19 -> 50859.729 | CJ19: =Beams!$B$8*BE19/(AQ19*2*T19) -> 34863.524 | CK19: =Beams!$C$8*BF19/(AM19*Q19) -> 41629.63 | CL19: =Beams!$B$12*T19/AX19 -> 184962.03 | CM19: =Beams!$B$12*Q19/AX19 -> 128050.63 | CN19: =SQRT( (CG19 + CH19 + CI19)^2 + 3 * ( CJ19^2 + CL19^2 ) ) -> 334386.32 | CO19: =SQRT( (CG19 + CH19 + CI19)^2 + 3 * ( CK19^2 + CM19^2 ) ) -> 244795.7 | CQ19: =MIN(Beams!$B$21:$B$22)/MAX(CN19:CP19)-1 -> -0.94018894

Sheet S
CG1: Axial | CH1: Bending Stress | CJ1: Shear Stress | CL1: Torsional Stress | CN1: Combined Stress | CQ1: Min MS
CG2: Stress | CH2: X-axis | CI2: Y-axis | CJ2: X-axis | CK2: Y-axis | CL2: Flange | CM2: Web | CN2: Flange | CO2: Web
A3: Type | B3: EDI_Std_Nomenclature | C3: AISC_Manual_Label | D3: T_F | E3: W | F3: A | G3: d | H3: ddet | I3: Ht | J3: h | K3: OD | L3: bf | M3: bfdet | N3: B | O3: b | P3: ID | Q3: tw | R3: twdet | S3: twdet/2 | T3: tf | U3: tfdet | V3: t | W3: tnom | X3: tdes | Y3: kdes | Z3: kdet | AA3: k1 | AB3: x | AC3: y | AD3: eo | AE3: xp | AF3: yp | AG3: bf/2tf | AH3: b/t | AI3: b/tdes | AJ3: h/tw | AK3: h/tdes | AL3: D/t | AM3: Ix | AN3: Zx | AO3: Sx | AP3: rx | AQ3: Iy | AR3: Zy | AS3: Sy | AT3: ry | AU3: Iz | AV3: rz | AW3: Sz | AX3: J | AY3: Cw | AZ3: C | BA3: Wno | BB3: Sw1 | BC3: Sw2 | BD3: Sw3 | BE3: Qf | BF3: Qw | BG3: ro | BH3: H | BI3: tan(α) | BJ3: Iw | BK3: zA | BL3: zB | BM3: zC | BN3: wA | BO3: wB | BP3: wC | BQ3: SwA | BR3: SwB | BS3: SwC | BT3: SzA | BU3: SzB | BV3: SzC | BW3: rts | BX3: ho | BY3: PA | BZ3: PA2 | CA3: PB | CB3: PC | CC3: PD | CD3: T | CE3: WGi | CF3: WGo
A4: S | B4: S24X121 | C4: S24X121 | D4: – | E4: 121 | F4: 35.5 | G4: 24.5 | H4: 24.5 | I4: – | J4: – | K4: – | L4: 8.05 | M4: 8 | N4: – | O4: – | P4: – | Q4: 0.8 | R4: 0.8125 | S4: 0.4375 | T4: 1.09 | U4: 1.0625 | V4: – | W4: – | X4: – | Y4: 2 | Z4: 2 | AA4: – | AB4: – | AC4: – | AD4: – | AE4: – | AF4: – | AG4: 3.69 | AH4: – | AI4: – | AJ4: 25.9 | AK4: – | AL4: – | AM4: 3160 | AN4: 306 | AO4: 258 | AP4: 9.43 | AQ4: 83 | AR4: 36.3 | AS4: 20.6 | AT4: 1.53 | AU4: – | AV4: – | AW4: – | AX4: 12.8 | AY4: 11400 | AZ4: – | BA4: 47.1 | BB4: 103 | BC4: – | BD4: – | BE4: 46.2 | BF4: 153 | BG4: – | BH4: – | BI4: – | BJ4: – | BK4: – | BL4: – | BM4: – | BN4: – | BO4: – | BP4: – | BQ4: – | BR4: – | BS4: – | BT4: – | BU4: – | BV4: – | BW4: 1.94 | BX4: 23.4 | BY4: 68.6 | BZ4: – | CA4: 76.6 | CB4: 57.1 | CC4: 65.1 | CD4: 20.5 | CE4: 4 | CF4: – | CG4: =Beams!$B$11/F4 -> 316.61972 | CH4: =Beams!$B$9/AO4 -> 43.565891 | CI4: =Beams!$C$9/AS4 -> 545.63107 | CJ4: =Beams!$B$8*BE4/(AQ4*2*T4) -> 2869.9458 | CK4: =Beams!$C$8*BF4/(AM4*Q4) -> 680.26899 | CL4: =Beams!$B$12*T4/AX4 -> 957.15625 | CM4: =Beams!$B$12*Q4/AX4 -> 702.5 | CN4: =SQRT( (CG4 + CH4 + CI4)^2 + 3 * ( CJ4^2 + CL4^2 ) ) -> 5317.7735 | CO4: =SQRT( (CG4 + CH4 + CI4)^2 + 3 * ( CK4^2 + CM4^2 ) ) -> 1920.7603 | CQ4: =MIN(Beams!$B$21:$B$22)/MAX(CN4:CP4)-1 -> 2.7609725
A5: S | B5: S24X106 | C5: S24X106 | D5: – | E5: 106 | F5: 31.1 | G5: 24.5 | H5: 24.5 | I5: – | J5: – | K5: – | L5: 7.87 | M5: 7.875 | N5: – | O5: – | P5: – | Q5: 0.62 | R5: 0.625 | S5: 0.3125 | T5: 1.09 | U5: 1.0625 | V5: – | W5: – | X5: – | Y5: 2 | Z5: 2 | AA5: – | AB5: – | AC5: – | AD5: – | AE5: – | AF5: – | AG5: 3.61 | AH5: – | AI5: – | AJ5: 33.4 | AK5: – | AL5: – | AM5: 2940 | AN5: 279 | AO5: 240 | AP5: 9.71 | AQ5: 76.8 | AR5: 33.4 | AS5: 19.5 | AT5: 1.57 | AU5: – | AV5: – | AW5: – | AX5: 10.1 | AY5: 10500 | AZ5: – | BA5: 46.1 | BB5: 98.8 | BC5: – | BD5: – | BE5: 46.2 | BF5: 139 | BG5: – | BH5: – | BI5: – | BJ5: – | BK5: – | BL5: – | BM5: – | BN5: – | BO5: – | BP5: – | BQ5: – | BR5: – | BS5: – | BT5: – | BU5: – | BV5: – | BW5: 1.93 | BX5: 23.4 | BY5: 68.4 | BZ5: – | CA5: 76.3 | CB5: 56.9 | CC5: 64.7 | CD5: 20.5 | CE5: 4 | CF5: – | CG5: =Beams!$B$11/F5 -> 361.41479 | CH5: =Beams!$B$9/AO5 -> 46.833333 | CI5: =Beams!$C$9/AS5 -> 576.41026 | CJ5: =Beams!$B$8*BE5/(AQ5*2*T5) -> 3101.6342 | CK5: =Beams!$C$8*BF5/(AM5*Q5) -> 857.12091 | CL5: =Beams!$B$12*T5/AX5 -> 1213.0297 | CM5: =Beams!$B$12*Q5/AX5 -> 689.9802 | CN5: =SQRT( (CG5 + CH5 + CI5)^2 + 3 * ( CJ5^2 + CL5^2 ) ) -> 5851.8612 | CO5: =SQRT( (CG5 + CH5 + CI5)^2 + 3 * ( CK5^2 + CM5^2 ) ) -> 2145.1664 | CQ5: =MIN(Beams!$B$21:$B$22)/MAX(CN5:CP5)-1 -> 2.4177161
A6: S | B6: S24X100 | C6: S24X100 | D6: – | E6: 100 | F6: 29.3 | G6: 24 | H6: 24 | I6: – | J6: – | K6: – | L6: 7.25 | M6: 7.25 | N6: – | O6: – | P6: – | Q6: 0.745 | R6: 0.75 | S6: 0.375 | T6: 0.87 | U6: 0.875 | V6: – | W6: – | X6: – | Y6: 1.75 | Z6: 1.75 | AA6: – | AB6: – | AC6: – | AD6: – | AE6: – | AF6: – | AG6: 4.16 | AH6: – | AI6: – | AJ6: 27.8 | AK6: – | AL6: – | AM6: 2380 | AN6: 239 | AO6: 199 | AP6: 9.01 | AQ6: 47.4 | AR6: 24 | AS6: 13.1 | AT6: 1.27 | AU6: – | AV6: – | AW6: – | AX6: 7.59 | AY6: 6350 | AZ6: – | BA6: 41.9 | BB6: 66 | BC6: – | BD6: – | BE6: 32.7 | BF6: 119 | BG6: – | BH6: – | BI6: – | BJ6: – | BK6: – | BL6: – | BM6: – | BN6: – | BO6: – | BP6: – | BQ6: – | BR6: – | BS6: – | BT6: – | BU6: – | BV6: – | BW6: 1.66 | BX6: 23.1 | BY6: 65.5 | BZ6: – | CA6: 72.8 | CB6: 55.3 | CC6: 62.5 | CD6: 20.5 | CE6: 4 | CF6: – | CG6: =Beams!$B$11/F6 -> 383.61775 | CH6: =Beams!$B$9/AO6 -> 56.482412 | CI6: =Beams!$C$9/AS6 -> 858.01527 | CJ6: =Beams!$B$8*BE6/(AQ6*2*T6) -> 4456.4237 | CK6: =Beams!$C$8*BF6/(AM6*Q6) -> 754.36242 | CL6: =Beams!$B$12*T6/AX6 -> 1288.3794 | CM6: =Beams!$B$12*Q6/AX6 -> 1103.2675 | CN6: =SQRT( (CG6 + CH6 + CI6)^2 + 3 * ( CJ6^2 + CL6^2 ) ) -> 8139.042 | CO6: =SQRT( (CG6 + CH6 + CI6)^2 + 3 * ( CK6^2 + CM6^2 ) ) -> 2654.0326 | CQ6: =MIN(Beams!$B$21:$B$22)/MAX(CN6:CP6)-1 -> 1.4572917
A7: S | B7: S24X90 | C7: S24X90 | D7: – | E7: 90 | F7: 26.5 | G7: 24 | H7: 24 | I7: – | J7: – | K7: – | L7: 7.13 | M7: 7.125 | N7: – | O7: – | P7: – | Q7: 0.625 | R7: 0.625 | S7: 0.3125 | T7: 0.87 | U7: 0.875 | V7: – | W7: – | X7: – | Y7: 1.75 | Z7: 1.75 | AA7: – | AB7: – | AC7: – | AD7: – | AE7: – | AF7: – | AG7: 4.09 | AH7: – | AI7: – | AJ7: 33.1 | AK7: – | AL7: – | AM7: 2250 | AN7: 222 | AO7: 187 | AP7: 9.21 | AQ7: 44.7 | AR7: 22.4 | AS7: 12.5 | AT7: 1.3 | AU7: – | AV7: – | AW7: – | AX7: 6.05 | AY7: 5980 | AZ7: – | BA7: 41.2 | BB7: 63.8 | BC7: – | BD7: – | BE7: 32.7 | BF7: 110 | BG7: – | BH7: – | BI7: – | BJ7: – | BK7: – | BL7: – | BM7: – | BN7: – | BO7: – | BP7: – | BQ7: – | BR7: – | BS7: – | BT7: – | BU7: – | BV7: – | BW7: 1.66 | BX7: 23.1 | BY7: 65.4 | BZ7: – | CA7: 72.5 | CB7: 55.1 | CC7: 62.3 | CD7: 20.5 | CE7: 4 | CF7: – | CG7: =Beams!$B$11/F7 -> 424.15094 | CH7: =Beams!$B$9/AO7 -> 60.106952 | CI7: =Beams!$C$9/AS7 -> 899.2 | CJ7: =Beams!$B$8*BE7/(AQ7*2*T7) -> 4725.6036 | CK7: =Beams!$C$8*BF7/(AM7*Q7) -> 879.21778 | CL7: =Beams!$B$12*T7/AX7 -> 1616.3306 | CM7: =Beams!$B$12*Q7/AX7 -> 1161.157 | CN7: =SQRT( (CG7 + CH7 + CI7)^2 + 3 * ( CJ7^2 + CL7^2 ) ) -> 8760.452 | CO7: =SQRT( (CG7 + CH7 + CI7)^2 + 3 * ( CK7^2 + CM7^2 ) ) -> 2877.1313 | CQ7: =MIN(Beams!$B$21:$B$22)/MAX(CN7:CP7)-1 -> 1.2829872
A8: S | B8: S24X80 | C8: S24X80 | D8: – | E8: 80 | F8: 23.5 | G8: 24 | H8: 24 | I8: – | J8: – | K8: – | L8: 7 | M8: 7 | N8: – | O8: – | P8: – | Q8: 0.5 | R8: 0.5 | S8: 0.25 | T8: 0.87 | U8: 0.875 | V8: – | W8: – | X8: – | Y8: 1.75 | Z8: 1.75 | AA8: – | AB8: – | AC8: – | AD8: – | AE8: – | AF8: – | AG8: 4.02 | AH8: – | AI8: – | AJ8: 41.4 | AK8: – | AL8: – | AM8: 2100 | AN8: 204 | AO8: 175 | AP8: 9.47 | AQ8: 42 | AR8: 20.8 | AS8: 12 | AT8: 1.34 | AU8: – | AV8: – | AW8: – | AX8: 4.89 | AY8: 5620 | AZ8: – | BA8: 40.5 | BB8: 61.6 | BC8: – | BD8: – | BE8: 32.7 | BF8: 101 | BG8: – | BH8: – | BI8: – | BJ8: – | BK8: – | BL8: – | BM8: – | BN8: – | BO8: – | BP8: – | BQ8: – | BR8: – | BS8: – | BT8: – | BU8: – | BV8: – | BW8: 1.67 | BX8: 23.1 | BY8: 65.2 | BZ8: – | CA8: 72.2 | CB8: 55 | CC8: 62 | CD8: 20.5 | CE8: 4 | CF8: – | CG8: =Beams!$B$11/F8 -> 478.29787 | CH8: =Beams!$B$9/AO8 -> 64.228571 | CI8: =Beams!$C$9/AS8 -> 936.66667 | CJ8: =Beams!$B$8*BE8/(AQ8*2*T8) -> 5029.3924 | CK8: =Beams!$C$8*BF8/(AM8*Q8) -> 1081.181 | CL8: =Beams!$B$12*T8/AX8 -> 1999.7546 | CM8: =Beams!$B$12*Q8/AX8 -> 1149.2843 | CN8: =SQRT( (CG8 + CH8 + CI8)^2 + 3 * ( CJ8^2 + CL8^2 ) ) -> 9490.4917 | CO8: =SQRT( (CG8 + CH8 + CI8)^2 + 3 * ( CK8^2 + CM8^2 ) ) -> 3107.6409 | CQ8: =MIN(Beams!$B$21:$B$22)/MAX(CN8:CP8)-1 -> 1.1073724
